time,meas
0,-0.1674610423347121
1,0.2279143395718285
2,0.0275801822079967
3,0.3985083640387785
4,-0.1684373678039546
5,0.3969787375803193
6,-1.4260151028114452
7,-0.7252511472983253
8,-1.0318592493757244
9,-1.1144379824081525
10,-0.4123756943918679
11,-0.3149103785256897
12,2.0577457953944998
13,0.1658128102800558
14,1.3775608723186767
15,2.6941390600928607
16,-1.985589283380635
17,0.96341222917875
18,1.142559203345007
19,1.0955837880402317
20,-0.1523152674253986
21,-0.9245214717382416
22,1.3726764703929304
23,0.0622673101295404
24,-0.7054637199021624
25,-1.4141259652701137
26,0.0680540046939507
27,-1.811881401106165
28,2.024278864180572
29,-0.9367635694587286
30,-1.5447562513214186
31,-0.9798901592108102
32,-0.3616780621445373
33,0.5922811088578398
34,-0.2240277935829913
35,0.7265146746857613
36,3.56098700302234
37,0.6098708174515942
38,-0.1318999226361479
39,0.652927688770837
40,-0.6272770686757801
41,1.5808589529420087
42,-0.1547100982891799
43,0.5635008262156854
44,-0.4243636873784666
45,-0.4534443654911805
46,0.5964492314129505
47,0.3398665005642233
48,-0.1544517160028372
49,0.7551428755594178
50,-0.1034985477533549
51,-0.620657807043234
52,0.800666347718301
53,1.0869610210274674
54,0.5070976524304153
55,1.3491716465708918
56,0.6035285592611815
57,1.3179084070191696
58,-0.0906621463858788
59,-1.051907867904836
60,1.472005220122188
61,-0.1648212689646798
62,0.176580184997361
63,-0.6873311630945872
64,0.7894412422637102
65,-0.8064266963109383
66,-0.7677851960198306
67,0.2143385585788103
68,0.5570455490559975
69,0.8896745051147562
70,2.4352233573420268
71,-2.245911474584913
72,0.2479430838975738
73,-0.7901112882295531
74,0.0242004676504373
75,-1.6380654345344747
76,-1.2861108160489667
77,0.3688443001472641
78,0.6305805659782647
79,-1.4161247487113204
80,0.1345031084480735
81,1.0232092400433956
82,0.6991519547853619
83,-0.6996893784441461
84,-1.6033857752876317
85,-0.3451377593675369
86,0.1269373076720427
87,0.1850591748274437
88,0.4115195218991007
89,-0.2239906379801321
90,0.749191987701494
91,-1.812806636116798
92,0.7080817598453665
93,-2.1886507717304955
94,-0.004539387571051
95,-0.4448608161840978
96,-0.1078678330460425
97,-1.6950026691338878
98,0.2024855471614278
99,-0.4103098998854271
100,-0.7646416824369561
101,-1.9623763571820565
102,-1.5069513839300874
103,-0.9774635097676072
104,-0.7375146297862936
105,0.6506339694833082
106,0.6302214544737785
107,1.6674465383495225
108,1.059208078031555
109,-0.9980062112428576
110,0.8559074585575903
111,1.0348674434526568
112,1.9546848778067396
113,0.4545771711369682
114,-0.4722198913605918
115,-1.4835408264284538
116,-0.2628491907181634
117,0.488604687411896
118,-0.4060920106753686
119,-0.352700277865543
120,-2.0089970289646693
121,-0.4847656180491659
122,-0.1770420704759646
123,-0.7250684717517365
124,-0.0122169295144092
125,1.4017118174213763
126,0.7821432822054604
127,-1.5401659262703031
128,0.2526453752492056
129,-0.3797731953089573
130,-1.4933641123056445
131,-1.039006363910955
132,-1.2650797490252634
133,0.8108026953320364
134,-0.7707110543637767
135,0.4680348402003506
136,0.8266909441677638
137,0.0812991628752468
138,-0.7026992878478664
139,-0.7607200979922593
140,0.479258823901138
141,2.0409567267612485
142,0.9941462132252468
143,-0.9568418246937008
144,0.524698711114516
145,1.219077387784395
146,0.6642580715636685
147,1.3289674392308406
148,1.345860359239393
149,0.6158261832611915
150,0.3053276283949881
151,0.0376842030617166
152,-2.132569601005187
153,0.5426890611482611
154,-0.0786196991118226
155,-0.6895974687212268
156,-0.5272585081660898
157,-0.2237958610087696
158,-0.1650745845381035
159,-0.7704846243903534
160,-1.6960950236041852
161,0.7720312076843169
162,-0.0711877025708406
163,-1.2107902281904663
164,-0.4143169540490635
165,0.0097387427970882
166,-0.5165092611830028
167,-1.237077562474511
168,-1.6240081948131244
169,0.7139664170854167
170,1.6621008165395073
171,0.6665861785432378
172,-0.7158670023445969
173,-0.6345570704639653
174,0.4416935613581223
175,-0.4912587994961478
176,1.6352298442846371
177,-0.0388335681617074
178,2.021107001369115
179,-0.4594970045484693
180,-1.118213247216703
181,0.2840922227720164
182,1.818813316833288
183,-0.3391951113015606
184,0.8262983518579298
185,1.5679383917060246
186,1.1837497243552868
187,-0.1820438462955994
188,0.0539438067844909
189,0.0963276132778791
190,0.9944400418057128
191,0.1351776228748579
192,-0.3705776021770581
193,1.2591171397676266
194,-0.1242872698846797
195,0.2902871834488575
196,1.9266191533758112
197,0.1867160091843291
198,0.0883460619899769
199,1.687625125047106
200,0.0331415652612589
201,-0.3471138720883324
202,1.1790785896198386
203,-1.7862842701197597
204,1.8514346404198905
205,2.2662179539522587
206,0.3207138339519573
207,-0.293596755954808
208,0.4419380082480971
209,-2.415329109263324
210,0.7194373895162839
211,1.351550409644728
212,-2.859919326388343
213,-0.9416319627833424
214,-1.9299070803660716
215,-0.4383548909403502
216,-0.3079005389756223
217,0.9784261650492444
218,0.7609332823089792
219,0.9835245041969222
220,0.3400469908698411
221,0.7559210282654523
222,0.1143248292715637
223,-1.574070939294745
224,-1.4099705541539729
225,0.7995517989868913
226,2.073413700860741
227,-0.4445367326477816
228,2.357970582300864
229,0.388260786350969
230,-2.212856034045665
231,2.30318658196581
232,-1.7850195447642836
233,-1.296017181943561
234,0.0992798808573248
235,-0.4605976056243872
236,-0.2461325974079201
237,0.4513330852772952
238,0.2938667821646372
239,-1.7094122104535177
240,0.1753180787066892
241,-0.5009444502267011
242,1.3757696938916897
243,1.7536965383932168
244,-0.7838701940353329
245,0.6198325270325212
246,-1.81623818939157
247,-0.5257568193986297
248,-0.0842457145429489
249,-0.2788607822187471
250,0.8164594430758648
251,-0.7301113112296421
252,-0.0230576351801813
253,0.4501563519169496
254,0.5153610217132708
255,-0.8878133684710708
256,-1.0670152733713376
257,0.6475107765967633
258,1.1709686034208655
259,1.5781432359755252
260,0.4729384232493758
261,-0.7659886194409485
262,-0.754827915206991
263,1.2439663375867738
264,0.6649018060466004
265,1.011104267094698
266,-0.7760582371756957
267,-0.7391344063581621
268,-1.078644837597778
269,-0.3666777130832707
270,3.234509820657681
271,-0.041320338329648
272,-0.5633675674872356
273,-0.4385574211717714
274,-0.0816650742373278
275,-1.9903236155426207
276,-0.4949623094517209
277,0.2694348675511643
278,0.0440302608164537
279,-0.7473935952007272
280,2.768484620842226
281,1.7667459018776774
282,1.3513516687709828
283,-1.2785747244768266
284,-0.3191456999543846
285,-0.6598383532556092
286,-0.0530914466322214
287,2.0955471317074634
288,-0.0195572747671219
289,-1.1066036621915043
290,-1.3225326969180409
291,0.1840121243935652
292,-0.6241511536511481
293,1.0947928806353375
294,0.0852476363861769
295,-0.3699339159975777
296,-0.5800780703727871
297,0.3263314214522959
298,-0.2145529049218543
299,-0.5951048960547639
300,1.1080046791885525
301,2.1493543300363
302,0.6748691987162798
303,-0.2845040321714277
304,-0.1548957239463684
305,-0.3384337058791066
306,1.075588678511236
307,-0.6668523804936894
308,0.1134857055410783
309,0.7223872973610922
310,-1.5368234337384616
311,-0.6930726371182694
312,0.3839320814432141
313,1.3263543857074371
314,-0.2964792085442008
315,0.5565778324091737
316,0.2676084013625818
317,2.196800453101752
318,0.9467856293607484
319,1.0124753932545154
320,-1.7853420843560033
321,2.628828717025291
322,0.0603666181905202
323,0.3822173448913509
324,-0.0457655197252782
325,0.7259587195785306
326,-0.1003659440427023
327,-1.256737422630905
328,-0.2203790364314504
329,-0.6289096547135652
330,0.6914104036629752
331,0.1820956856368663
332,-1.4336947974645682
333,-1.5222303366817505
334,1.332967446816374
335,-0.0859427825464174
336,1.1562851992549985
337,-2.105146448569648
338,-0.6444239383490771
339,0.8026137648380433
340,0.1071108248896471
341,0.7493711233416122
342,-1.5228237484682483
343,-2.8692701004365557
344,0.9038356342642132
345,1.430720944167163
346,0.0099079523574908
347,-0.0238947392045195
348,0.6932182182121707
349,0.6912215408456125
350,-1.003182081522768
351,1.1508121207861246
352,0.3136635529247424
353,0.107478273643499
354,0.4208036780351023
355,-1.1585191499437804
356,1.1079747474467148
357,-0.0451972859255446
358,1.5644295614255148
359,-1.015766239697035
360,0.5718343723418052
361,1.0062292370454418
362,0.0753875752232888
363,-0.4901341057320679
364,-0.1734931190695597
365,-0.6194302871365001
366,-1.40012118071638
367,-0.3525354221860021
368,-0.4097391227623934
369,-2.1557250978839506
370,0.8649148507148637
371,-0.2661242181075226
372,-2.447510224505783
373,0.598214884789165
374,0.0266010871704019
375,-0.0550108710417649
376,-0.1787124454906178
377,-0.3372604947900882
378,0.1536603405637287
379,-0.3233451346884848
380,0.8413131833391796
381,-0.4658049677686914
382,0.2885702003305011
383,-0.9433350958247536
384,1.1826664919401804
385,-1.8264945074009504
386,-0.1761155691512743
387,-1.6901053880571828
388,-0.4367551397584077
389,0.4695608456166992
390,-0.1596956435424011
391,-0.2250773831753226
392,-0.8673322307011362
393,-1.1535786854404055
394,0.3868948804332244
395,0.8320342853037908
396,0.0164912336396037
397,0.3608204377896596
398,0.2798555571176006
399,1.2505202170906604
400,0.5902184483314094
401,-1.3326078407313513
402,-0.5752943418576134
403,0.3387862594510861
404,0.3477639398815871
405,-0.9440594403799556
406,-1.001915808152579
407,0.6541588224749509
408,1.2479013442007492
409,-1.2648659951993626
410,0.1629052642357168
411,0.7656104430072529
412,0.0207996109945954
413,-1.3953495857773786
414,0.3903207272487136
415,-0.038205083552466
416,0.6251243074572054
417,-0.5843301856439047
418,-0.4775640590254394
419,-0.7794079292380482
420,0.6967810743771817
421,1.1995781986556968
422,0.4497676002888563
423,1.5884272756995268
424,0.2552768241970957
425,-0.7545579798870966
426,0.7350822705116469
427,-0.17835381602917
428,1.280901896212962
429,-0.0832583557055529
430,0.9618224702790904
431,0.0109366972340503
432,1.765572180827747
433,0.346146639713051
434,-1.635131916552787
435,0.2302889215989329
436,0.0238663851039413
437,0.384443102345679
438,0.226880911870541
439,-0.576689088761897
440,-0.740912091783889
441,2.131957946618159
442,0.314952374817971
443,0.6459344737879432
444,0.2135550053555693
445,1.6739783244789272
446,0.2502145246956856
447,-1.9067398841374847
448,1.7145249565069018
449,-0.7970415317515392
450,0.4183970542923979
451,0.3319474808604531
452,-1.6946470260784805
453,-0.2383135001810971
454,-1.468683236190944
455,0.1968813033308321
456,-1.988099111057928
457,1.0877899070474994
458,0.4345591366850477
459,0.0807668610913197
460,0.1215204829814673
461,-2.6090677977332093
462,-0.9592918442854168
463,1.6366429025632705
464,1.6728626339078436
465,-0.6836322118793273
466,0.587589270591865
467,0.8769508357457019
468,2.379232463329663
469,1.4754967889133814
470,-1.5213238499166382
471,-0.9193621666960964
472,1.0938696311108915
473,0.1286003405489492
474,-0.81086975120442
475,1.2911657674322812
476,-0.7014723081590478
477,-3.030527068146029
478,0.053671674655577
479,-1.594655290146722
480,0.1989713634847006
481,0.5954973693037096
482,-0.5284498781808982
483,0.054909571437022
484,-0.6690225178708888
485,-0.7356188191224103
486,0.0749973181372449
487,0.8517616063221973
488,-0.0655516324199153
489,1.080453599558404
490,1.3913190088065197
491,-1.3445710897396237
492,-0.9142385520012694
493,-0.1277132871535487
494,0.1040354075978682
495,1.9139753324464104
496,0.6637758221310233
497,-1.5315486649187398
498,-0.1393803829694652
499,0.1731383371594072
500,0.4730868140821917
501,-0.8931706195157806
502,0.0360161012484625
503,-0.0812687015542408
504,-1.549629434582314
505,-1.706236424693667
506,-0.506389670776575
507,0.3724751665258065
508,-0.8805226849124305
509,0.2153060553327172
510,-1.5141238024236168
511,0.4545878932541401
512,-1.6727040157677504
513,1.6338957381938035
514,-0.4278487048370928
515,-0.2204582164867902
516,-0.0444519894523091
517,1.0589201650822733
518,0.1224109017681086
519,-0.8255518021161106
520,-0.3170456264845429
521,-0.5371666816894485
522,0.7992429576744897
523,-1.5076673508952536
524,0.4882037355266145
525,-1.6699603205295614
526,1.0182101397493826
527,0.9575006859931112
528,1.644327552571481
529,-0.4669845265921814
530,2.3715337377700045
531,0.0029287617012786
532,0.1081894979898118
533,-0.3018544043236437
534,0.0065205331262331
535,-1.150444189915129
536,-0.3106642816572884
537,1.1986442240440986
538,0.0949775012115897
539,-1.6836840529877768
540,-0.3905729703374742
541,0.702744881957256
542,-1.3701680784021926
543,-0.7605785989264754
544,-0.841823986018322
545,0.4090411062854894
546,1.101791741294768
547,-1.1763843417367077
548,0.2455843452859226
549,0.5515755044932809
550,2.17026434715446
551,0.055652314379284
552,-0.1596873525252372
553,-0.0194092565986944
554,1.700477188927786
555,1.415461723616721
556,0.3046646356119257
557,0.5357553923472569
558,1.2083208053387244
559,0.8819205410488217
560,-0.2937026414259009
561,-1.6843642208686034
562,0.4784156590604853
563,0.2668087369498991
564,0.933952642504399
565,-0.9903785305769048
566,-0.865562878084916
567,1.0740123236101105
568,0.072130241987796
569,-0.4222362972931386
570,0.8681352117010501
571,-1.1129900170577731
572,-0.6278959857485297
573,-0.2022347161860371
574,1.4231086781982945
575,1.3882824750078815
576,1.0696339506556265
577,-0.4794288682139901
578,-1.3821247255917457
579,0.1290562109711868
580,0.0260017668336291
581,-0.8030121050201666
582,-1.541412024787111
583,-0.3349530811138002
584,-0.0859212651554127
585,-1.2957662500870757
586,-0.0378016332415955
587,-0.0003251600507343
588,-0.0676141121927742
589,-0.4684062416225801
590,0.6231318771296476
591,-0.2810760096087955
592,-0.9145459288948748
593,0.1879137992885934
594,-1.4224640682610072
595,1.8930706973782176
596,0.214503727135958
597,0.0828172450015148
598,1.6113452637088108
599,-1.37591209395178
600,-1.2769134040581434
601,0.2109284913489737
602,0.8510291747709022
603,2.3435764376267185
604,-0.8156367732636055
605,-0.0406289248144651
606,0.6554668720474701
607,2.070079196192209
608,-0.4644376808546337
609,0.7308302927936827
610,0.441368711700412
611,-0.194575359315977
612,0.452507026429509
613,0.4241816070901386
614,0.9178331134040082
615,-0.2669839099540966
616,0.7346192655116924
617,-0.830595442897913
618,-0.3343226941379257
619,-1.3589293796245
620,1.0575807225666491
621,0.9109673673901668
622,-0.1366115680791456
623,-0.450514761995034
624,1.099962452151897
625,2.318715437051433
626,0.3459333642833627
627,2.704079670876652
628,0.3688624570427463
629,0.114194567931315
630,3.209514680086492
631,-0.3204962886301889
632,0.1234511750637885
633,1.540978278620606
634,-1.3869196051069492
635,-0.2973900403093015
636,-0.5622428224435272
637,0.3580143776138418
638,0.6128813452770769
639,0.4974565320987344
640,0.9255529174271124
641,1.02516279436034
642,1.0919683248111116
643,1.8637819413177363
644,-0.6664457129046317
645,0.2270049435312639
646,1.9729396794183447
647,-1.3714292339077638
648,-0.556630979092734
649,-0.7027191035503884
650,1.9492666526001148
651,0.3475103589702865
652,-0.0609135799631956
653,0.0668244819186324
654,-0.2622821752662155
655,-2.033401440590373
656,-0.3720080070196405
657,-1.0679885264924065
658,0.0275871323615701
659,1.41875537381491
660,-0.4545000257972372
661,1.84316421537968
662,-0.4756948275835863
663,1.714275278288996
664,-0.1799024917333675
665,-1.5621048737449006
666,-0.7646718164796066
667,-0.5365873313107435
668,-0.5518444387026941
669,1.885644299824517
670,0.1999819124919859
671,-2.972931834252988
672,2.6248017874722924
673,-0.5907649557127398
674,-0.4171794113645952
675,-0.978794487973086
676,-2.160981566745185
677,0.2790976269434705
678,-2.154379252249385
679,-0.2513865037536696
680,0.882187087458559
681,-0.5861932939463377
682,-0.6909402158912709
683,1.2072709344082302
684,-1.5217867928722568
685,-1.088332015864128
686,-0.4218040116516114
687,1.2190524171121258
688,-1.5634388695530113
689,0.2788936938670655
690,0.6433574357191925
691,-1.0438764654664576
692,0.3823496434291705
693,-0.9117676516226418
694,-1.329344363456924
695,1.0212867329003417
696,1.1977669196350054
697,0.6633739286068211
698,-0.684140586793477
699,-0.7738894260297552
700,-2.49205790885851
701,-0.2212133320646844
702,-1.3391240913371247
703,-1.279454698621776
704,0.6641541789809393
705,1.3830808472348692
706,-0.4746162934441901
707,-0.492228302388391
708,-0.0172318835923143
709,0.3309247590296437
710,-0.3815694626877602
711,0.1967190836171681
712,0.0654927635547916
713,1.5208580658933286
714,-1.1509903895839613
715,-0.2374037466605152
716,-0.970762635590443
717,1.14500007782266
718,-0.8868804748182952
719,-0.9134944211596624
720,0.3521081650430673
721,0.1979974065854373
722,1.0452219972564902
723,0.1195924661497579
724,-1.8614892895515225
725,0.8213974035662922
726,-1.2583121761917155
727,0.073396823099493
728,0.732428870057306
729,1.1986301341296162
730,0.2152687569111835
731,0.4092699460827121
732,0.249108964160138
733,-0.6901576329286431
734,0.9301249715298748
735,0.808008161030123
736,2.6171874810497013
737,0.2649868758768317
738,-0.1478547492524304
739,-0.9561457201460356
740,0.0841990733050553
741,0.8037606287968226
742,-0.8750193310404285
743,2.37810811122751
744,-0.6195770675866197
745,-1.7175904904008157
746,0.2997060451115432
747,-0.8089511477489832
748,-1.3627350436361685
749,-0.3125259142736891
750,-0.047971348599202
751,0.446712367529993
752,0.3753171534017299
753,-3.3383326401767865
754,0.4579882837951937
755,-0.7072153403120128
756,2.2861322032442706
757,1.4108966954481006
758,1.32442150834616
759,0.1138454949609238
760,0.2321684061080343
761,-0.97036372052666
762,0.2188198306352231
763,-0.4885475630294709
764,0.2767929472840451
765,0.9663909898379436
766,-0.2590353082187563
767,0.9249427852822356
768,-0.0778496253333891
769,0.2959959722262458
770,1.645538318872624
771,-0.5748416030795751
772,-0.6753481234234227
773,-0.1284597289836452
774,1.4955439876041683
775,-0.0954139155254626
776,-0.4166226907317226
777,-0.8429458884299744
778,0.0953359776974058
779,0.1741585682614401
780,0.8426176411917624
781,-1.6135694548899524
782,0.4474581858511813
783,0.159632934410179
784,1.3857847941828332
785,1.482924661064501
786,1.647107672941397
787,-1.903943981285993
788,0.3227901974680557
789,-1.335250539489408
790,-2.320474653410542
791,-1.164063350243807
792,-0.3496931953357697
793,2.4215527429466994
794,-0.1888033223083383
795,0.0440291718002212
796,1.5931189959687804
797,1.1974867960079698
798,-0.0901894139920942
799,-2.110676818496772
800,2.44254593384429
801,1.2993598720192447
802,-1.404473571315291
803,1.1874139648257065
804,-0.4221865238602541
805,1.0407130238000013
806,-0.1933715401601218
807,0.0848110662691395
808,-0.6940512467431326
809,1.123083018182131
810,0.0398841925436217
811,0.4362844344404125
812,-2.231357730529869
813,0.2489154311560004
814,1.7567791395738626
815,-0.2654009752645644
816,-1.2035518358633397
817,-0.2782836921035365
818,0.4677959947540789
819,0.3423569622665502
820,-0.068553762317684
821,1.0679840447777116
822,0.2647392554603515
823,0.5221967495674144
824,-0.6608182846548786
825,-0.470607008714637
826,-0.1637394529885603
827,-0.2997806917504182
828,0.1896002031547637
829,1.33498354387426
830,2.0206313069061954
831,-0.3472190233559535
832,0.4290305026161038
833,1.8849858108690392
834,0.3027231032252859
835,0.238873135451922
836,1.498527080839599
837,-1.018696260264658
838,-0.9714576566028312
839,0.7889256067678736
840,-0.142192291699663
841,1.0244556294955576
842,0.3312937730532115
843,0.5066209760216567
844,-0.1823268279706408
845,0.1800304646347563
846,1.004402492880433
847,0.9071565094613908
848,0.5027954681046988
849,-0.1827698165496121
850,0.2600354902956586
851,-0.8178419977573349
852,0.0753613661620489
853,0.0174970544430051
854,-1.6770372276415588
855,-2.1812946869617256
856,2.112110954149692
857,0.3699739482146386
858,-0.7631578901893571
859,-0.02525793114265
860,0.8056188274509769
861,1.5869894490284489
862,-0.9924998682504528
863,-1.1473163098026076
864,-2.212908231888784
865,0.7878916937622363
866,0.8859601601815302
867,-0.0459961744243272
868,0.0257939647173817
869,0.5574588510966455
870,-0.1270186895632824
871,-0.8817591286870539
872,-0.7865453934907449
873,0.2904758941634311
874,0.2235874892973761
875,-0.5605037200310744
876,1.1937801672671466
877,0.5092193586596727
878,0.2987771569941152
879,-0.5054931714776291
880,0.5930572946351865
881,-0.8731902955225834
882,-1.7951606689153294
883,0.6343076137280073
884,0.0817861760318953
885,-0.0883510345155927
886,-0.767434836416651
887,0.3961577697307718
888,0.3911583325259993
889,-0.799385222525805
890,-0.5969074688352731
891,0.3081798974540136
892,-0.0622771422042806
893,0.608739532742624
894,-0.5737558701717039
895,1.6634067765840943
896,-2.2576916256008253
897,0.2261177886077108
898,0.4179548943784295
899,1.7796614763287526
900,-1.336600709379992
901,-1.063611546717247
902,0.5348491370796847
903,-0.5081914703982935
904,-0.6923925609663184
905,-0.3826735319108179
906,-0.1094558531950976
907,0.4428327331394045
908,0.3387173002338552
909,0.1292863497156949
910,-1.0453290329231988
911,0.9303982849331244
912,0.6497247578524972
913,-0.065531994801608
914,-1.2445674990684892
915,-0.3284052962623279
916,-1.3100313218743418
917,-0.3119855139342495
918,-0.3049797149503378
919,0.9462332727234802
920,1.1757140664569512
921,-1.0315324886258863
922,0.3762871363097174
923,-1.1739437963241055
924,-0.7433096005034929
925,-1.055378049035119
926,-0.0080268408602772
927,-0.7084752181601291
928,0.0451688654553963
929,-0.0118339944498269
930,-1.4253002874371756
931,0.6421753473607835
932,0.6922184744112043
933,1.6490155236997932
934,1.00572729962521
935,0.1429498224758745
936,-0.4963630006562716
937,-0.5177750121994282
938,1.1373175404849214
939,0.165929555036618
940,-1.2181535948572977
941,-1.5698783681302066
942,2.265728290757217
943,0.1968527735266078
944,-1.24997621158785
945,0.1354704669344839
946,0.8354509345773373
947,1.1936319922216951
948,1.4540978086227354
949,-1.9647854874166293
950,0.6671726409659636
951,0.6390448649453992
952,2.5169961687930584
953,-0.5655714112913646
954,1.0645494019190538
955,-1.4661764804328323
956,0.5678883098938041
957,-1.4402580566165797
958,-0.2213050997268103
959,1.189048906440001
960,0.3574876286880298
961,-2.8849169204836094
962,1.615508555271347
963,0.6244682301842208
964,-0.0621895764714374
965,-1.2719356991456214
966,-1.9316609373171305
967,-0.1453636413566723
968,1.759951321513608
969,1.0587350305171954
970,1.0612720990545093
971,0.0196320794410463
972,0.9331410352968436
973,-0.9676659133411332
974,1.187771764341892
975,-0.1577165230872945
976,0.3053644417526229
977,-0.2310982335475827
978,-0.9855280002590684
979,1.266822930576565
980,0.1020219182879693
981,-0.309562433102733
982,0.0536833248549562
983,0.9663903943883776
984,-1.0408913103751027
985,-0.6844660034480753
986,0.3994059387682323
987,-2.136966871365404
988,0.2882570529908451
989,-0.3345894430998836
990,-0.8302176567197563
991,1.2848549194618992
992,1.423856073924172
993,-0.662744232790735
994,-0.3646428871701593
995,0.2173555928929889
996,-0.5766115013300791
997,-0.5307576680469982
998,-0.3054906916476068
999,-0.9759014643660038
1000,-0.3107018406873744
1001,0.4954510504926758
1002,0.9971391981980344
1003,1.3479690335103325
1004,1.3517933436908995
1005,-0.5624898123160366
1006,-0.4609282494935555
1007,0.9554282303048374
1008,2.276082255382295
1009,2.294039583436814
1010,1.2826036961538825
1011,-1.0550008321736863
1012,-0.3350994356146972
1013,-0.7492203320310817
1014,2.7633859782000614
1015,-0.8886142960823978
1016,1.1308846539244617
1017,-0.5794007293184918
1018,0.2545736465178706
1019,0.8605611979495885
1020,0.0847932693271531
1021,0.3717381376371023
1022,-0.647086946639505
1023,-0.0285720065105119
1024,-0.2976647439570991
1025,-0.4636481676619162
1026,0.7455075619023235
1027,-1.0538834519464146
1028,-1.0485869078859993
1029,0.6542462804247932
1030,-1.914180136519457
1031,-2.28551014336168
1032,1.4508230528944908
1033,-0.107209542002704
1034,0.351212640070955
1035,-1.0785250928368526
1036,0.7029084106631824
1037,0.2886098852914409
1038,0.5252408102768716
1039,-1.1320203828550348
1040,0.7257640226919385
1041,-0.566807641117938
1042,1.6318518223984553
1043,0.7913139600398342
1044,-0.7326529710848986
1045,0.5504454762952816
1046,-1.9877745095540251
1047,0.4696313158066407
1048,0.698969208355172
1049,0.5792724414877177
1050,-0.5817679378769662
1051,-0.1538771194767474
1052,-0.1358744804584038
1053,0.6408925966132075
1054,-3.421954582207446
1055,2.8447324490177563
1056,0.665550026719243
1057,-0.7865100244502945
1058,1.114706716949156
1059,-0.7061605241840766
1060,1.0443223679802316
1061,1.5959460770097298
1062,0.8945716916590023
1063,1.0179147432841782
1064,-1.248226982033933
1065,-1.2216755185280057
1066,0.317126791370059
1067,1.500838340651917
1068,-0.4832148243668576
1069,0.1523216028655176
1070,-2.045539983715553
1071,-1.31890990823237
1072,1.2794513068544735
1073,-0.7107387913429231
1074,-0.356666943545653
1075,0.5033425704198795
1076,0.0626900295985012
1077,-0.3306599324175497
1078,-1.6466004641661969
1079,-0.986739958986368
1080,-0.6578849160185802
1081,-0.4328199644564429
1082,-0.5185273367180347
1083,-0.3538776919197538
1084,-0.4730707857009558
1085,-0.0152985310104284
1086,-0.1041392818328986
1087,0.5718115796814697
1088,0.9062303280612968
1089,-0.6342964126184076
1090,0.3713586002301486
1091,-0.0879048866579082
1092,0.0446883147243641
1093,-0.6486266289844814
1094,0.4607264653616852
1095,-1.0752412859025176
1096,1.033427813339627
1097,-0.2162839107738168
1098,-1.1076646154790348
1099,-0.6673964384827769
1100,-0.3493063149491745
1101,-1.3252460195730869
1102,-2.312443979116796
1103,-1.311308748970551
1104,-1.3603515157253547
1105,1.3952685113801562
1106,0.8437231826747716
1107,-0.4827682313711579
1108,-0.1725760507382902
1109,0.2273901540434605
1110,1.252086927938599
1111,-0.7226257962528231
1112,-0.7127584212182427
1113,0.1277398977840376
1114,-1.0974634747670369
1115,0.0177775923071029
1116,1.5189697445373174
1117,0.8440719991826405
1118,-1.2791736392029882
1119,-0.6879498230601879
1120,1.2826174218121698
1121,1.8788812757165432
1122,-0.2468842301996846
1123,0.8443739276202776
1124,-0.588961192399821
1125,0.7237931366918406
1126,-0.825040740728126
1127,-0.9875286246636732
1128,-0.6535623294987561
1129,0.9880531379240816
1130,-2.7377204302779474
1131,0.0685102825544369
1132,1.8017831266388755
1133,-0.3068541890389167
1134,1.564990410721936
1135,-0.8647268494467183
1136,2.0926224809294043
1137,-0.4921241255415707
1138,0.2134939983853348
1139,0.9821418836919144
1140,0.921101934419406
1141,2.636663119361345
1142,-1.119680023361772
1143,-0.1768365880543567
1144,0.0070316669087577
1145,0.2538435314681775
1146,-0.14275401975614
1147,-0.8824827553357775
1148,0.2460555278148957
1149,-1.3528629525489686
1150,0.7363203373769259
1151,-0.1357600030873979
1152,-1.1292822704837158
1153,1.0051455216687089
1154,-1.1164280986740711
1155,-0.4683580864961916
1156,-1.065989603301154
1157,-0.9354406254872332
1158,1.6703397150390555
1159,-0.9964635831672932
1160,-0.8730276204484771
1161,0.3639027014543194
1162,-0.8074726311362586
1163,0.9707831677206452
1164,-0.1729154787412197
1165,1.238238282069131
1166,-0.0540146274227755
1167,0.2825864365400845
1168,-0.1491236101618726
1169,0.4523489190494361
1170,0.8486350709199878
1171,-0.7970042752529428
1172,0.3697670174408504
1173,0.0742286381335981
1174,-0.1543597320714935
1175,-0.5459718827209834
1176,0.7642540916528399
1177,0.0901153789520022
1178,0.6640722280801703
1179,0.5825602640604
1180,-0.3736069555903251
1181,0.3668460359330434
1182,0.9140359238163522
1183,-0.2510056499310451
1184,1.4177256077018163
1185,-0.5358549168895413
1186,-0.4418264834652564
1187,-0.3292591153593333
1188,-0.5360352705164222
1189,0.3891417360510386
1190,0.4714748767662818
1191,1.1964640317578288
1192,0.1361289931988398
1193,0.3580689670565712
1194,-1.9063608997910333
1195,0.3722986946899507
1196,1.5831816108517542
1197,1.362639734475097
1198,0.5722828101348342
1199,-1.5853359531402922
1200,-0.0230586200728183
1201,1.236565080595933
1202,-0.6604131223802221
1203,0.9856748497906354
1204,-0.6616748697590272
1205,2.5389917059506817
1206,-0.2393432453297876
1207,-0.1188921975332504
1208,1.0344361358505254
1209,-1.4206229237435832
1210,1.2145000085247335
1211,0.3244034218413379
1212,-1.7088625838137683
1213,-0.1365971586522475
1214,-0.825361850001593
1215,0.9998344044053712
1216,1.2455577222096936
1217,0.4227149526341853
1218,-1.4480725114040256
1219,-0.8810806512201967
1220,-0.3892849378056449
1221,-0.287963815943402
1222,0.1047006751857998
1223,0.4839111557598847
1224,-0.0274802604845321
1225,2.78931103684683
1226,-0.7056584849910307
1227,-0.8758663066186365
1228,2.076255425232287
1229,-0.3378967505122984
1230,-0.6865730922251366
1231,0.5785475006133959
1232,0.420124054668715
1233,-1.2634612676137995
1234,-0.2850251763843953
1235,0.0560197817858586
1236,-1.227500016930916
1237,0.9154681153441916
1238,0.0363372607601545
1239,-0.5168049814972059
1240,-1.0109090975567263
1241,0.209259991732209
1242,0.9864197440400534
1243,1.6446243145930122
1244,-1.6032424323450774
1245,-0.3264136695089411
1246,-0.336392069511968
1247,0.0661483977811499
1248,-0.4730013776566381
1249,-0.2686578599816794
1250,-0.4590974161451722
1251,-0.7763781460303761
1252,1.421237370594025
1253,0.1955287048363995
1254,-1.843680474935824
1255,1.1600186645247272
1256,0.0973180206396826
1257,0.085511735649579
1258,1.8189211699370145
1259,-0.7633996630336475
1260,-0.2658122849486735
1261,1.0197255553989697
1262,1.4275012445455486
1263,-0.4906175444940475
1264,-0.4073502447113273
1265,-0.6855196663216649
1266,0.5351082964125674
1267,0.5785474634505263
1268,0.3306259327335984
1269,0.995280080058796
1270,-0.4968205373359522
1271,-0.2998246755300928
1272,-1.521890450437176
1273,-0.1342508599732777
1274,-0.3460279280555117
1275,-1.513685879618706
1276,0.5307689060595819
1277,-0.0919649869584655
1278,-0.696868113553753
1279,-0.5025222455779595
1280,-2.22884197596497
1281,0.1420423055350922
1282,-0.0440149068647358
1283,0.0982819729390699
1284,1.8674197033634752
1285,-1.3272017733495558
1286,-1.1535783685167835
1287,-1.7190059964826
1288,1.1225926203417582
1289,-0.4089248313362819
1290,0.5812792070383695
1291,0.7906221124352636
1292,0.8831481608534484
1293,-1.9436083127988215
1294,1.1682188514336642
1295,-0.953078348734688
1296,1.5439486141123755
1297,1.2373169485575082
1298,0.6903865656650773
1299,-0.1577155643053723
1300,1.4314672913770063
1301,-0.1548670877906982
1302,0.2115463193103981
1303,-0.7276052214937709
1304,1.157683738995278
1305,0.9549366303640956
1306,-0.3653846013427274
1307,0.7829735656187197
1308,-1.800029353449836
1309,0.1013618264414006
1310,0.0750054369307055
1311,0.6682717943450768
1312,0.4309345263736625
1313,0.0549772006799021
1314,0.5695999320237531
1315,-1.6406249444557204
1316,0.6491713641545853
1317,2.6769810534122738
1318,0.0402898081272154
1319,-1.0036658359893726
1320,-0.4083566624203415
1321,0.6870502746921684
1322,0.0082702242472388
1323,-0.0535921002929266
1324,0.519690014510287
1325,0.258764507184588
1326,-0.0445241553828258
1327,-0.5133383242933043
1328,1.0667517920433556
1329,0.0706065319432582
1330,-0.1365479976673763
1331,-0.659626317857256
1332,-0.3475516063435493
1333,0.6969767304382531
1334,-1.299706582217503
1335,-0.275358588742834
1336,-0.4518550743535118
1337,1.8250168010435637
1338,0.4796395529771567
1339,1.3885013914388245
1340,-2.327563213242576
1341,1.0451684393890956
1342,-0.8159675394749186
1343,0.9024545158660155
1344,-1.7624680587779298
1345,0.232008586896348
1346,-0.3882717081944784
1347,0.6377856657967589
1348,-0.3718547042405422
1349,0.1954825022523518
1350,-0.2116454141236015
1351,0.5829858946025018
1352,-1.406467055906706
1353,0.0489662575996997
1354,-0.4564331822546693
1355,0.0788951037451953
1356,-0.8360827614538213
1357,-0.8030320192997156
1358,2.1317395960594605
1359,0.3320732196552107
1360,-0.2692652840246475
1361,0.2966608415650612
1362,-0.1877395424837912
1363,0.1103763251736749
1364,1.6623259169494793
1365,-0.9136835077865648
1366,-0.7830341029197773
1367,-0.5376450493822372
1368,-0.8141926655483877
1369,0.5246176279007104
1370,0.2622741581856735
1371,-0.9598540614232716
1372,0.8445643488454685
1373,-0.8282073358684428
1374,-0.2749647582286219
1375,-1.003119548822824
1376,-1.531317884197548
1377,0.2914809403833641
1378,-1.0869049272667486
1379,0.1626422612029158
1380,0.0328832342668828
1381,0.8077793012572144
1382,-1.8965604552578776
1383,-0.96343834436713
1384,-0.5722892325979244
1385,-0.2202019887885435
1386,0.148918478236798
1387,-0.5306406330775103
1388,-0.9013501258643648
1389,0.1219565817408164
1390,-0.5276073089914891
1391,0.8797870028273607
1392,0.1202355257471913
1393,-0.8800198875650469
1394,-1.5264875748757718
1395,0.6356935070112952
1396,-0.9998613923060548
1397,0.5108326229095448
1398,-0.9337088038361396
1399,0.7252003445688597
1400,-0.1763768180635835
1401,0.0597292151456035
1402,1.3250851553375045
1403,-1.5303751194467947
1404,-1.1978290978982262
1405,-0.332231181205014
1406,-0.1343624678056349
1407,1.1169200075201455
1408,-1.8407505297254876
1409,0.6409918199484721
1410,-0.679737310047597
1411,-0.4813748562692201
1412,-2.890989232886354
1413,0.9114232066759632
1414,-1.616509999880294
1415,-0.4618868984933527
1416,-0.3026081889076882
1417,0.7930716206289424
1418,0.6138957740135992
1419,0.4753078528826327
1420,-0.1988732540862141
1421,1.0771923597243822
1422,-0.8490149751694863
1423,0.4761592777643331
1424,1.6197328718747992
1425,0.3509641799038716
1426,-1.7251121283681503
1427,0.7042630681724077
1428,0.1953350191197813
1429,-1.5422856981590634
1430,-0.4400751300287683
1431,-0.3028593105395219
1432,-0.6086192124222918
1433,0.3391466576538706
1434,1.1816878636639512
1435,1.8019400952404785
1436,0.9577503577417738
1437,-2.162485650669684
1438,-0.9055216324327268
1439,1.119016896920575
1440,-0.0306351724450884
1441,-0.9326827294779152
1442,1.5567468781277982
1443,-2.2164179213866357
1444,0.0911218846592161
1445,-0.2894568366114615
1446,0.3392904161803537
1447,-1.1526627177474766
1448,0.5137026478675495
1449,-1.8604764842792825
1450,-0.2611022109845262
1451,0.924613381088764
1452,-1.7260208965141004
1453,0.4338541566720137
1454,-0.3365581249435222
1455,0.5724866757370954
1456,-0.4109445146753966
1457,1.1601951618871464
1458,0.2245047650912937
1459,0.6388230020660093
1460,-0.9085663606162896
1461,-0.8679529111653698
1462,-0.5036139219128742
1463,-0.7246798193288417
1464,-1.423213166450356
1465,1.402302412114678
1466,-0.9460738030647948
1467,0.8003601673150625
1468,0.1440996418497251
1469,-0.5257916642074741
1470,-0.0334589003819199
1471,-0.1430808067965632
1472,1.7455986300823918
1473,0.1878026423811763
1474,0.1786526722369767
1475,0.5410761813373922
1476,-2.206632226951092
1477,-0.3312659146907392
1478,0.165726683627352
1479,-0.3313675050066039
1480,0.2165421930673753
1481,0.8173448005376539
1482,0.0416008571645654
1483,-0.9255885417564934
1484,-0.8765552032285381
1485,-0.4668473969920324
1486,0.9339400471309844
1487,-0.1079950443002603
1488,-0.997287767776194
1489,-0.8959280015216968
1490,-0.698197105052955
1491,-1.3314405841986396
1492,-0.9573612955075216
1493,-1.3708389603668607
1494,0.9592734444756316
1495,-0.2080042232142701
1496,1.0062517558203985
1497,-0.2751884284538631
1498,-1.1402038141548685
1499,-0.159782146034274
1500,1.4651423784688071
1501,-1.287691611916621
1502,0.5513048263290201
1503,-1.5799795720835863
1504,0.6634883029413219
1505,0.7437551454186676
1506,0.4554399466899454
1507,1.0923517685432684
1508,0.747405904270549
1509,-1.5111568642372637
1510,-0.5446856304678159
1511,0.6759686978510604
1512,0.8073650076975493
1513,-1.4889686643468094
1514,0.7495873704354781
1515,0.4601325985115435
1516,0.4838547281256194
1517,-1.0527500615244614
1518,0.8882558058802633
1519,-0.2779629754965681
1520,0.0328860432102097
1521,1.48056538811185
1522,-0.4100551067957331
1523,-0.7581989441298024
1524,1.030725279858128
1525,1.0843695822878376
1526,-0.6380533988483573
1527,0.5361826715745804
1528,-0.2241524420872472
1529,-0.5591785458961963
1530,0.1499923766079441
1531,-0.9589856758205638
1532,0.171659381819459
1533,-1.3862148469126228
1534,-1.4456595434875483
1535,-0.336835960634423
1536,-1.9545744716736084
1537,0.2508380495261171
1538,1.3074872649110605
1539,0.9657770351082532
1540,-0.6030682152169287
1541,-0.6648442684698305
1542,-0.9655472042832864
1543,-0.5497800108713038
1544,-1.9413240585153304
1545,0.0272504550419767
1546,-1.1151364652330342
1547,-0.8487119120128074
1548,-0.4700983029364027
1549,-0.4519779759107768
1550,-1.7201675321112155
1551,-0.1955896814122522
1552,1.4126938116158512
1553,1.3113925193914715
1554,0.4715393918955625
1555,-0.8887940987699103
1556,-1.1559806279363083
1557,-1.893751402074878
1558,0.7101629898715012
1559,1.924973708765852
1560,-0.4455530838926245
1561,-0.0486583882017284
1562,0.1943015428098747
1563,2.228787186208525
1564,0.1135805250902911
1565,-0.2141453232701172
1566,-0.1978327777230127
1567,-0.5030497933585588
1568,0.1659920480116863
1569,0.1594418380203347
1570,-0.5942457335164966
1571,-0.0511206530038103
1572,0.4381796471610336
1573,-0.1399513757053154
1574,-0.5837526318946307
1575,-0.9724411709800982
1576,0.9739689027668544
1577,-1.1310992302789171
1578,-0.2571786025661578
1579,1.0148896472720823
1580,-0.8256474762400785
1581,0.198023097792188
1582,-0.4228107410964009
1583,1.5270064470722686
1584,-0.3476762397663709
1585,1.792732130888236
1586,-0.5621212166385008
1587,-0.3531365827062476
1588,-0.5911033002966651
1589,1.1401980499737991
1590,0.3884268309184107
1591,3.092465823440963
1592,-1.0537008226235107
1593,-1.1618702414750444
1594,-0.4772886478401514
1595,-2.063105598806737
1596,-1.1427721937437856
1597,-0.7167138254840617
1598,-1.6600888317504188
1599,0.8374545257477372
1600,-0.7325314724307607
1601,-1.4835280415087622
1602,0.4018796768676565
1603,-1.348346890500404
1604,-1.4523018811970765
1605,-0.9295288072099468
1606,1.1105443415428968
1607,-1.0214005044545365
1608,-0.9240396783820952
1609,0.0603068574234802
1610,3.578281602768416
1611,0.5550628754434377
1612,0.2209575324440307
1613,0.4054433392219189
1614,1.020264785356371
1615,0.7706025593675727
1616,1.4901513474657144
1617,-1.8292016900902168
1618,2.732403378806245
1619,-2.038032625976471
1620,0.1067238899844206
1621,-0.6118100334081163
1622,-1.154464405211328
1623,1.365394922363819
1624,1.5572384461117117
1625,0.0904025937922842
1626,-0.7544880884005584
1627,1.4250351353426765
1628,0.1967499643199188
1629,0.4928336405769233
1630,-1.607249643970185
1631,-1.8830939079500844
1632,0.2984052181480638
1633,-1.024290913786478
1634,0.4475594128605639
1635,0.3132946014627268
1636,-1.029247589072284
1637,1.0363374893509285
1638,-0.1427615644919557
1639,1.7166599288842146
1640,-0.860923923881868
1641,-0.0734869915848734
1642,-0.785692590598209
1643,1.2990432762244226
1644,-0.0349578617807305
1645,0.3505242543452904
1646,0.2133516251763093
1647,-0.5289770543350825
1648,-0.4454261733757139
1649,-0.971427898719463
1650,1.1029682525262985
1651,-0.6681953102070153
1652,-0.5389155605129944
1653,2.001927830493794
1654,0.2323642712076875
1655,-1.483543315026005
1656,-1.612043025979005
1657,0.1766804557969236
1658,1.2432843271529308
1659,0.9829835999536574
1660,0.3948437640194654
1661,0.2705883209702219
1662,1.792807691940446
1663,-0.3101884409971065
1664,2.1397542229549456
1665,-0.1119598852933053
1666,1.0074787905983675
1667,-0.04647595445277
1668,1.3629017574976872
1669,0.8902826532083996
1670,-1.962307350681323
1671,0.3772772014417889
1672,-0.4318981991136446
1673,-0.3079990720631331
1674,-0.3499108191704294
1675,0.30100287074167
1676,-0.6709913886505381
1677,0.25860347304823
1678,0.1242553412140502
1679,-0.1232658497062192
1680,-1.068288165158147
1681,0.5744249843542525
1682,0.4964415199595176
1683,0.4219975232639737
1684,0.6611043287186102
1685,0.3236320802696344
1686,-0.4607692920056246
1687,1.1162745701770602
1688,-0.1316748119180004
1689,1.1747589211867353
1690,0.2501130055763144
1691,-1.3774744396114862
1692,-1.228635512257937
1693,-0.6187453418123348
1694,0.1662101320123984
1695,-0.8097599711583283
1696,-0.5152875873322722
1697,-0.4807886653890872
1698,-1.6125279052423367
1699,0.104646325440188
1700,1.2344953322657783
1701,0.3769275068074636
1702,-0.9055365505634152
1703,-0.7595469552778934
1704,0.5772399959579149
1705,-1.4590223411304066
1706,0.541730053683326
1707,-1.423303960744151
1708,-0.7223690838422356
1709,0.3141579153677147
1710,0.8472152532923103
1711,-0.6245459932019117
1712,2.0239333369664574
1713,-2.143415030782098
1714,-0.2588925150232735
1715,1.33929109489223
1716,-0.8246794054484792
1717,0.7550628531625366
1718,1.6221005688090784
1719,-0.3519630479312091
1720,1.683801976724754
1721,-0.0327591466251861
1722,2.3345876408590747
1723,1.0165561698316672
1724,0.8352552383806254
1725,0.4521828015480699
1726,0.9531735678640548
1727,1.5401872455788013
1728,-0.221305396344338
1729,1.228562206080106
1730,1.2094627724939726
1731,-1.106908925605848
1732,0.1943139265555295
1733,0.5430061015979363
1734,0.0092816261519977
1735,0.0936075609058228
1736,-1.488695651030666
1737,-0.1622572197412151
1738,-0.4426778814079138
1739,0.5022534815210467
1740,-0.7916422507330119
1741,0.2718442609214205
1742,0.768525849909938
1743,1.34468243764129
1744,0.1908155037986127
1745,0.6774695850099577
1746,-0.6969937483535681
1747,-0.4650063685379658
1748,0.8760843737047896
1749,-0.4677416364457331
1750,2.7032301482467607
1751,1.3402916809366
1752,0.2147378820900682
1753,0.2137610127902662
1754,-0.4346632786288254
1755,-1.1945352782946417
1756,0.4745260156590394
1757,-0.4019980816691977
1758,0.0569015467742005
1759,-1.0847909279227488
1760,0.1712878814961193
1761,-0.7734426153754188
1762,-0.3413266599661437
1763,0.7651496603542831
1764,1.5949171243729003
1765,0.4162400011266504
1766,0.3102041735753355
1767,-0.7214443902648766
1768,-1.0472823616806854
1769,-1.2137650464570002
1770,1.2855228025418746
1771,0.6521525517543532
1772,-2.274397529957537
1773,-0.737467964387087
1774,-0.6290734217612555
1775,1.0042007346571793
1776,-1.0897897125124694
1777,-1.2322219223451447
1778,-2.3056314738941417
1779,-0.7001783836271824
1780,-0.8170805940036769
1781,-0.4190050927066192
1782,-2.30864360767034
1783,0.5637984560357973
1784,0.533532788742119
1785,-0.2028626677558801
1786,-1.121448051487177
1787,-0.255629547886169
1788,0.7795388360317971
1789,-0.4050191318784957
1790,-1.8808386707395215
1791,-0.606056085411563
1792,-1.0605352979432314
1793,-0.5778316993713231
1794,-1.136859494834456
1795,-0.6200961975718303
1796,-1.818349964469016
1797,-1.3516200775964151
1798,0.2974393334088705
1799,-0.570897559091666
1800,0.1724090048359436
1801,1.268434277672411
1802,-1.3286944832894638
1803,-0.6228946698986744
1804,-0.669405722912692
1805,-0.7044458723480509
1806,-0.0941846614766729
1807,1.02612630979161
1808,0.3985878463616729
1809,-0.2977947277078006
1810,1.3455117520489723
1811,-0.8918081255196334
1812,-0.853090940261682
1813,-0.7145969910701977
1814,-0.1768923345688867
1815,-0.4735658200375862
1816,1.6297874343731449
1817,1.0792774594020185
1818,1.9367810716285825
1819,-0.4895860801866363
1820,-0.7453671769164069
1821,0.8261011203674349
1822,0.3967782344455957
1823,0.9225604010854684
1824,-0.6818985184226743
1825,-0.6317598533918379
1826,0.0451676387689334
1827,-0.1536202958502935
1828,-1.1863489646817942
1829,0.6105354475650768
1830,-0.213264433910932
1831,-0.7393951760350825
1832,-0.9536577756370124
1833,0.2157017767472008
1834,0.4505765425243503
1835,1.229699678477745
1836,0.3829317916685378
1837,-0.8622660573195574
1838,-0.6403985212658623
1839,-0.0900806655001133
1840,0.5944712667935661
1841,0.8328902791977739
1842,0.6478927566341994
1843,1.720312998879095
1844,1.1510269877749493
1845,-0.0686058035614069
1846,0.5616910781190512
1847,-1.0220252565536072
1848,0.796462558624589
1849,0.2185011740222342
1850,1.3688560089927018
1851,1.0562606306351283
1852,-0.2922967108352051
1853,-1.1038714596021515
1854,0.2402596756604541
1855,-0.6284638877452815
1856,0.0007803141252401
1857,1.2457717149416845
1858,1.502948556404205
1859,0.0460475994298874
1860,-0.7819437715454712
1861,-0.486294676749013
1862,0.9010044306596432
1863,-0.2988715635255644
1864,2.028643943641169
1865,0.2645876859570482
1866,1.2177577407970783
1867,0.1418182046112953
1868,-0.1144757332112053
1869,-1.560822529602056
1870,0.7747621152340631
1871,-0.6510810799873948
1872,-0.7432284498122653
1873,1.0492122119318092
1874,-0.1777037834459958
1875,-1.1021416373807964
1876,-1.4731695586398712
1877,1.0595552063557585
1878,-1.367755625065599
1879,1.507080616989089
1880,1.4555313883091667
1881,0.6854160283129167
1882,0.4646305943667268
1883,-0.1653922713592248
1884,-0.6993327889664808
1885,-0.1886425472150517
1886,-0.5394993078670068
1887,1.1191058066670874
1888,0.4811261084287901
1889,0.7493024042396452
1890,0.9195954786297232
1891,0.0042682725458324
1892,-0.6183592852887909
1893,-0.4425092215617852
1894,-1.3590562652234228
1895,0.8426186455017813
1896,0.2770790462958742
1897,-1.041970346981805
1898,0.2779967602550831
1899,-0.0606697939401081
1900,0.4457588303772891
1901,-0.0696458474884243
1902,-0.6470571724396541
1903,0.0004330764657114
1904,-0.9236144030778564
1905,0.3246090517522266
1906,-1.3125835115962932
1907,-0.6551642886232932
1908,1.5613492599323602
1909,-0.5495831182033052
1910,0.1060479703083623
1911,-1.341491170951758
1912,0.2681088948897287
1913,0.5050133073085322
1914,-0.1512970983523361
1915,-1.0032762236952442
1916,-0.5519144621038646
1917,1.9525662203166925
1918,-0.3030848155004304
1919,0.4153980607243933
1920,-1.3039563192591086
1921,0.1360361771027042
1922,-0.8157756727072383
1923,-0.3211929669745631
1924,-0.447526063023078
1925,-0.0577813960627983
1926,0.617968046350028
1927,-0.1376873329675072
1928,-0.0736981515006925
1929,0.2302902424623017
1930,-0.3441384929695514
1931,0.609129736469379
1932,-1.5843366651301067
1933,0.0802847421322912
1934,1.2436906423125793
1935,0.0645535549208214
1936,0.713197320956706
1937,-1.1530420491849236
1938,-0.397182375077911
1939,-1.454395896637362
1940,0.6380757449167829
1941,1.0209470015166735
1942,1.3101863341351194
1943,-0.7238035791206021
1944,0.7397718227114849
1945,0.3305311243042811
1946,0.1648914511699464
1947,-1.3533490799887726
1948,1.572475374548382
1949,2.15069584919346
1950,0.5760767929449249
1951,-0.6507853211663724
1952,1.1742878427830072
1953,-1.448741144215131
1954,-1.229787373324619
1955,0.1076562127320558
1956,0.6270896572989705
1957,0.9184179002252923
1958,-0.8598330137509572
1959,-0.8097730115720745
1960,-1.5834441696044463
1961,0.032871277528403
1962,-0.1834038818146068
1963,0.6330835845819629
1964,-0.4540356747292283
1965,1.0595984152961666
1966,0.942265794432085
1967,0.9519449765170231
1968,-0.2111232354291743
1969,-1.3320599197726113
1970,0.5938788106906158
1971,-0.7437740686230043
1972,1.035361020614985
1973,0.8767062601001536
1974,1.8833725359828777
1975,1.6638847937441266
1976,0.4897683729134193
1977,0.2176729902531453
1978,-0.348687584229755
1979,-0.9117583561367734
1980,0.8316679158985955
1981,-0.6921033099633537
1982,-1.0969681528515631
1983,-2.4863190989892603
1984,0.1850720816234163
1985,-0.9477976448494017
1986,0.0783144856654024
1987,-0.02517401223896
1988,-0.8312896308984539
1989,1.1927031743560428
1990,1.7328007438102375
1991,0.5254202346763887
1992,-1.9272745144154109
1993,0.9633805858066418
1994,0.734793671716768
1995,1.419067925179251
1996,0.9717694898686378
1997,0.1650009619907613
1998,-0.8339408146498013
1999,1.990344461130332
2000,-0.9690229956337046
2001,0.1954991765104289
2002,-1.3187837820960489
2003,1.203866995283433
2004,0.255469215919068
2005,-1.09592761146774
2006,0.1321171105109269
2007,1.0592191840566194
2008,-0.9620834194015618
2009,-0.6154401460978601
2010,-0.2895713724001878
2011,0.6367363486470574
2012,-0.0509747744041741
2013,1.523597060455739
2014,0.1350745405213481
2015,1.0878613547813376
2016,0.6362608477038864
2017,-0.9107567628534108
2018,0.2363185382630219
2019,0.0079006301364954
2020,0.9596497310082398
2021,0.3229540968728294
2022,1.94176673726204
2023,-1.3946517573408794
2024,1.5526487585541568
2025,0.1568422822957846
2026,-0.0419161114189793
2027,0.1657521862591775
2028,-0.79101815455548
2029,0.2907629294811951
2030,-0.3161537303294315
2031,-1.1618964755131735
2032,-0.2789507740914828
2033,0.2127685294858387
2034,-0.3778155750071315
2035,-1.6456973809670612
2036,0.7588248816528226
2037,-0.6259873051605745
2038,1.9710396334965496
2039,-0.0808597493572937
2040,0.7286824828673893
2041,0.0295714049253345
2042,0.7708345052165174
2043,0.3700628764868
2044,-1.3302664791031331
2045,1.1759328620978071
2046,-0.1075563030139827
2047,-0.775149645769791
2048,-0.0020895843834752
2049,-0.681242296906671
2050,-0.8683831248939679
2051,-0.5441533153658499
2052,0.9113118274138308
2053,0.0270899654741325
2054,-1.6924290012218697
2055,1.1854490167948968
2056,-0.55631209979375
2057,2.375088629367949
2058,0.4132085799207073
2059,0.7403841332939994
2060,0.7066372605073131
2061,-0.6523034731022946
2062,-0.0893659139372553
2063,0.2031091599387512
2064,-0.4121822168412927
2065,0.276534552553718
2066,0.3655087729160864
2067,-0.3439710797216696
2068,0.1646733300002461
2069,-0.6612420473742755
2070,0.5552858008536004
2071,0.3085515328482973
2072,-0.7983545311539637
2073,-0.124144154968824
2074,-1.5898806504298155
2075,0.2395779132378077
2076,0.066208954803247
2077,0.180912674720319
2078,-0.5007722608114625
2079,0.7470638184654311
2080,-2.185557371156769
2081,0.3166742210144464
2082,-0.8439317801420378
2083,-1.038162377175559
2084,-1.2855371530231554
2085,1.655942220252033
2086,-1.4848577271769654
2087,1.5141260389168048
2088,-0.9418667271598822
2089,-0.9557414858063232
2090,0.6882747664096858
2091,1.2261410785132367
2092,-0.7439811155482948
2093,-0.5736155128077989
2094,0.0258081902199999
2095,1.5590008239773665
2096,0.5556416172668601
2097,-0.2620414527617644
2098,0.1177091562897677
2099,-1.2397884727318718
2100,0.1841140741575364
2101,1.193431306723008
2102,-0.6438679309971093
2103,-0.2346282254032438
2104,1.2834895427381956
2105,-0.6739128529924512
2106,2.359600850067964
2107,0.818122762020759
2108,-1.4079815801053224
2109,-1.4160078454391964
2110,0.8237273018961123
2111,-1.1812076563869471
2112,0.346993494724565
2113,0.90438689019699
2114,0.125452987490442
2115,0.411725109676854
2116,1.6614312771448565
2117,0.8973568640855727
2118,-1.4078242273910555
2119,0.616818943497191
2120,-1.086100941462839
2121,0.0436357918141518
2122,0.6074795856323544
2123,-0.2209443548090067
2124,0.7653109831257818
2125,-0.4061632407138215
2126,-0.9273894635296506
2127,1.0426073338764998
2128,0.2563553533777221
2129,0.0618890768479089
2130,0.1831344262136899
2131,-0.1880218311377711
2132,-0.4711195563313832
2133,0.8076900340618671
2134,1.4725894889857492
2135,-0.4237733909978938
2136,1.3449581365290442
2137,0.5654356031003925
2138,0.138729713938999
2139,-2.1419236783429207
2140,-0.006901628053606
2141,1.0519900916156029
2142,1.763382386305313
2143,0.5835227184993848
2144,1.4610866800372566
2145,1.7052143360327372
2146,1.5103544466264796
2147,-2.410344577451891
2148,-2.725632657939556
2149,0.2672421055866419
2150,0.0391604948333145
2151,-1.0688601004834362
2152,0.220003060838815
2153,-2.2758889373989395
2154,1.2093665519449317
2155,-0.6636811969229135
2156,-0.5217020220358048
2157,-1.0070969773731544
2158,-1.2321743349666512
2159,-0.4455191972276563
2160,-1.5598454887008133
2161,0.995066402978693
2162,-1.488054507824175
2163,-0.1267149256903977
2164,1.7640140247324676
2165,0.0432226993686184
2166,0.3584559245264531
2167,-0.7791924443751052
2168,0.5919354921311236
2169,-0.2237711774502465
2170,-1.693275000077916
2171,-0.2662836037282097
2172,-0.1657282300979434
2173,-1.5687790891164308
2174,0.3889945609644078
2175,0.4973933042331248
2176,0.2379552610133083
2177,-0.7322092888369459
2178,1.5522298231886311
2179,-0.0551695089430947
2180,0.4573882025397571
2181,-0.6770352619873402
2182,0.4905541310391834
2183,-0.9898085234793392
2184,-0.2268486018995088
2185,0.2832287591421435
2186,0.3347214353509591
2187,-0.5521074884451439
2188,2.967557248824205
2189,1.3322572471257854
2190,2.2628344808922134
2191,1.966820180365321
2192,0.373934534490263
2193,-1.7104569483829342
2194,2.1845568540302387
2195,2.028431970117797
2196,-1.990424637466872
2197,0.8314218081686159
2198,-1.276279383263853
2199,-1.3278954260307263
2200,-0.0978087165675162
2201,-0.5492545617670656
2202,1.6567652724230717
2203,0.4596865693846048
2204,-0.2787625969881929
2205,1.4054959404430187
2206,-0.8350915142085996
2207,0.1794682477073761
2208,1.3115185481091756
2209,-0.5231671085582125
2210,1.695145348279487
2211,-0.2791991882661139
2212,-2.1745048117312384
2213,0.2454266773676842
2214,-0.5235320232678876
2215,-1.2581719067825177
2216,2.952624598844909
2217,0.5614187706832505
2218,-0.2791977890378008
2219,-0.6969889790796837
2220,-0.7646334513929219
2221,-0.4825728978809949
2222,0.8169695905846658
2223,-0.0704916757026675
2224,0.0181803705592032
2225,-2.168700086862656
2226,0.560995877070241
2227,-1.010310218366481
2228,-0.4539884340032339
2229,-0.4768168279974009
2230,0.8584011470341089
2231,-1.6795652179373546
2232,-0.7106371015711053
2233,0.7728240987921209
2234,0.3969734858649871
2235,-1.215243851855459
2236,-1.328151633963176
2237,-1.7386752848743916
2238,-0.7922882564308791
2239,0.5700042393358451
2240,-1.3774848946102145
2241,1.642378049059568
2242,-1.4021185238569502
2243,0.8176331832229651
2244,1.446480903403636
2245,-0.0722906918784528
2246,0.4110636797768142
2247,-0.8442954677092055
2248,-0.2899696814814951
2249,-2.53381071486531
2250,-0.1282658955399889
2251,-1.953680210948025
2252,-0.1844702562416346
2253,-0.2448986813799627
2254,0.3674615858926761
2255,0.992130251109946
2256,0.3409978430818249
2257,-2.154120238336882
2258,0.4342342067382827
2259,-0.5727732966189742
2260,-1.4435647987242624
2261,0.2596043578117673
2262,0.1209485890776051
2263,0.8184443255308405
2264,1.033527812281122
2265,-0.3648578815276398
2266,-0.2652300059171781
2267,-1.135828467165157
2268,0.2088290892403733
2269,0.5015433406965696
2270,-0.503982236750298
2271,0.0204945564825566
2272,1.0284026732734162
2273,-0.2701208843318138
2274,0.4805145789282123
2275,1.4037192622070198
2276,1.3389992049031054
2277,0.4861107568890462
2278,-0.8373970170442062
2279,1.3054679668145697
2280,1.786303879245302
2281,-0.7246681849725917
2282,0.5564834820645733
2283,1.2054526206557292
2284,-0.9922509677491116
2285,0.030647239168959
2286,-1.0709775097137897
2287,-0.2804444600612431
2288,0.3509729300036721
2289,-1.721400105786785
2290,0.9512550450648074
2291,1.637164396060612
2292,-0.1789198345487916
2293,0.9737502420235308
2294,-0.3291819346240537
2295,1.7765561146027178
2296,1.6087515626745317
2297,0.9732887179409097
2298,-1.2911325386074668
2299,0.6985234137799445
2300,0.8715689502861255
2301,0.9424675402686364
2302,0.2662107569366349
2303,-0.6227538480531162
2304,0.2877286666533734
2305,0.2757051190507564
2306,-0.3354090506859463
2307,0.1978302034979051
2308,1.2179446654581487
2309,0.375540282780648
2310,-0.2680333049522288
2311,0.2105276792334385
2312,1.3717312629988634
2313,1.713935129637881
2314,0.630361017218732
2315,-0.9402885670945268
2316,0.3194789920872686
2317,0.0292409393856851
2318,-0.1392692035506199
2319,-0.6692610006020511
2320,1.1783408476642268
2321,1.0378565891648377
2322,-2.07778109386841
2323,-0.5696874260907332
2324,0.7716638498487138
2325,-1.9422051183967848
2326,1.446797594369188
2327,-1.4384509326477788
2328,1.3321918914768802
2329,-1.2714543134766885
2330,-0.1558051829796937
2331,1.1561348992223417
2332,-0.3314353210230219
2333,0.9970384702541668
2334,0.9397106363136636
2335,-0.7114567317459255
2336,1.0885584729540891
2337,-1.0964355179652563
2338,0.2316918394079586
2339,-0.5553981340247637
2340,-1.171000780747161
2341,-1.543563232071386
2342,-0.5228803345005579
2343,1.5910023840884415
2344,0.4365222383157974
2345,0.3477667644840695
2346,0.2481361390812663
2347,-0.3242312077586741
2348,-1.0187133512676558
2349,1.8324915086643008
2350,0.1490564155555318
2351,-1.6041843021630284
2352,1.0096386824112005
2353,0.5095730701019704
2354,-1.235897103809546
2355,0.5443524704915902
2356,0.6683077237831083
2357,1.2730567723389832
2358,0.0078231785484249
2359,-0.5676070736210783
2360,0.0855582933256567
2361,-2.898954106439657
2362,-0.7314135892206941
2363,-0.3069271399058713
2364,-0.1202731818222066
2365,-1.5194878522530195
2366,0.23858442123922
2367,0.1376306493204795
2368,-0.6436033762025135
2369,1.0084581576440228
2370,-1.377705872808054
2371,0.0359933759631747
2372,0.5446681337190397
2373,1.5564933816386286
2374,-0.9872248426508696
2375,-0.5342736104527379
2376,0.0698208818818499
2377,0.3060747865634499
2378,0.0797935093797667
2379,1.7186534300244565
2380,0.6328543316294178
2381,0.1335315438475864
2382,0.0085866299836931
2383,-0.2465038682737112
2384,0.4614831883834406
2385,1.744523304084308
2386,-2.2803170008804736
2387,-2.1737322962689047
2388,1.0035666151084697
2389,-0.177172800446979
2390,-1.2886402800527017
2391,-1.872897034492108
2392,0.1276544879628151
2393,0.4495155098136766
2394,-1.0668975411068649
2395,-0.0159612186184086
2396,0.3224691463263877
2397,-0.4132575829077274
2398,0.2381925145430858
2399,0.2128213894821747
2400,-0.6163881349339264
2401,0.7217112133160066
2402,0.3856818911889692
2403,0.0113531066824285
2404,-0.3668069894117788
2405,0.4935663388602081
2406,0.4388309013519961
2407,-0.8606933676072865
2408,-0.268023735108132
2409,-0.3775074700832774
2410,0.1638979286430876
2411,-0.062287325413763
2412,0.1228634488702584
2413,-0.1072339842381484
2414,0.0392582411263193
2415,0.9373920799122184
2416,0.6118377622907551
2417,-1.631511984382931
2418,-0.016622142982923
2419,0.1423534527924877
2420,-0.2590211749552745
2421,-1.8382877764305208
2422,-0.4810534330930023
2423,-0.3346469058229113
2424,-0.7333176840307474
2425,0.4278187739167648
2426,1.6418597673176485
2427,-0.7705984016416634
2428,0.0072077684002301
2429,-0.3484931010275293
2430,-1.2360059752365882
2431,-0.0450519197565225
2432,0.3136512261401139
2433,-0.6329331982781399
2434,-0.502571069136943
2435,1.450558181431954
2436,1.161501483541849
2437,1.7436518767911025
2438,-0.5200936312588743
2439,1.0370790696172856
2440,0.124843178984856
2441,-0.1725205263430108
2442,-2.209340712342489
2443,1.3129938749532892
2444,0.1149469143494338
2445,-0.7811386245266138
2446,-0.954536180420011
2447,-0.7116592365741384
2448,-0.0984784470071894
2449,-1.2868364836041837
2450,-2.0308688537601958
2451,-1.7470733336945232
2452,0.1952428372521482
2453,-0.5781808999391512
2454,-1.013307387265641
2455,0.1194421332405019
2456,0.8254120567985537
2457,0.6944197651778313
2458,1.446138714801296
2459,-0.2950629204345918
2460,0.3828563222759962
2461,-0.3863404408717044
2462,0.4180418461689129
2463,0.2641399808345205
2464,-0.5702420200593602
2465,-1.0188291789086956
2466,-0.2993732106439787
2467,-1.1073952026602574
2468,0.8914505975979532
2469,-0.4845317662013182
2470,0.564849080451046
2471,0.362043636538406
2472,0.0267098838867936
2473,0.7935572377338059
2474,1.2706526845038189
2475,-0.2460670552234098
2476,1.1152703510930897
2477,-0.3188994273673671
2478,0.2905157626348714
2479,-0.3657101035581587
2480,-0.8847299633457507
2481,1.8086795265588185
2482,-0.1675282930023567
2483,0.4584792412016626
2484,0.162347042482864
2485,-1.147379946963269
2486,-0.6189210227674815
2487,-0.0934015279973635
2488,-0.3550827850157825
2489,-0.938522433266496
2490,0.5274111600891963
2491,0.0108792977478675
2492,2.4815046358917123
2493,0.447043598931704
2494,0.7141347804948661
2495,0.0973592664039505
2496,0.0996851889692947
2497,0.8974942237394888
2498,-0.1131950470622678
2499,-0.5963267258938403
2500,-0.9341594940707004
2501,0.5151902616051937
2502,0.714446297454755
2503,1.843364603926656
2504,-2.431534355827606
2505,1.134185955655409
2506,0.4971445537318478
2507,-0.5567946746865193
2508,1.050595638592137
2509,-1.3381070079158384
2510,-0.3346555462507705
2511,0.4694791160604851
2512,-0.754346034054103
2513,-1.051465207568363
2514,0.3305392070042177
2515,-0.9853470961628196
2516,0.4278405222022771
2517,-0.0977119386295527
2518,-0.0252293043723258
2519,-0.021384000090458
2520,-0.6248507707949515
2521,-0.937211616187826
2522,-1.521779590523992
2523,-1.3092603028278882
2524,0.7957030900073991
2525,-0.6209736496797169
2526,0.3192948928558326
2527,-0.5572053264884765
2528,-0.6018160340730486
2529,1.2778244313462337
2530,1.6200354240704724
2531,-0.4029246509092569
2532,0.0533278911867514
2533,-1.7533586720012642
2534,2.909189125797212
2535,-0.7272304623057325
2536,-0.2960206319845757
2537,1.325362258767222
2538,-1.572092312470752
2539,-0.6951893629114947
2540,-0.0053316359955165
2541,-1.4525539842700306
2542,0.7741884122829733
2543,0.2702217539741035
2544,-0.1059235703854951
2545,0.2421910645737791
2546,-0.0842445384622281
2547,0.0094661519987229
2548,0.3111259485384444
2549,0.7893294658006991
2550,-0.1806589800921556
2551,2.219049375066859
2552,-0.0434966794308381
2553,-0.3185029110775104
2554,0.6399891154792201
2555,0.9231507139087975
2556,0.780150392517237
2557,0.127807439865555
2558,-0.2292179325930918
2559,-0.2723872092291209
2560,0.7344759011341908
2561,-0.1992293274608119
2562,-0.2868476249174616
2563,0.925561446875832
2564,1.664932149703669
2565,1.0165183459604856
2566,-1.287071044000481
2567,-0.4318483853727039
2568,-0.47715185001622
2569,0.5740582721147778
2570,-0.2823280837339482
2571,2.358307106216329
2572,-0.8463601276150287
2573,-0.8669341969076086
2574,-0.4391091499642266
2575,0.4829887945410906
2576,-0.0016652479062103
2577,1.2991868479131954
2578,-0.0218062505993354
2579,2.0798354297396484
2580,-0.7850431948954153
2581,-0.9259740795355962
2582,0.3274445505184626
2583,0.6670977271845078
2584,-0.5340573972829101
2585,-0.6733802204769741
2586,0.862263710546135
2587,0.5504215333203332
2588,-1.363309646603424
2589,-0.0693274481190615
2590,-0.450936699557192
2591,-0.9763592999066836
2592,1.4217508299883377
2593,-1.106649291374466
2594,-0.815785343590044
2595,-0.8466965974062411
2596,-2.3484323934111084
2597,-1.22207846719904
2598,1.879371395141513
2599,-0.7767109595235033
2600,0.6225145293008166
2601,-1.4450295007197498
2602,1.1918572987811484
2603,0.7715003009515884
2604,-0.3957540441870517
2605,-0.0771908696339558
2606,1.209634939369692
2607,1.9298619117309288
2608,-0.8900271469044828
2609,0.7213163611776082
2610,-2.054003016608392
2611,-1.159646884100113
2612,-0.2599199330749127
2613,1.1030914160172152
2614,1.344258306308973
2615,-0.437149978583254
2616,1.430780730619211
2617,-0.3800670904005345
2618,-0.3504765268370021
2619,-1.7152598339797354
2620,0.114863877015831
2621,0.6067724903006319
2622,-1.7966631406319278
2623,0.8252913874119842
2624,-0.1473638077476781
2625,0.34623177130693
2626,-1.284641717438941
2627,0.0935329386519201
2628,-0.1534052060730679
2629,-1.1926595590129978
2630,0.7842473179552174
2631,-0.4819059166431353
2632,-0.2075817606384221
2633,-0.9145599995246796
2634,0.4349793916301083
2635,0.412165752370732
2636,-1.4255976586550445
2637,-0.988466054415038
2638,0.9637658846255654
2639,1.1372496366876637
2640,-0.4960721932035388
2641,0.8829458816184036
2642,-1.836608525413624
2643,-2.0598931562987737
2644,-0.7734011547349551
2645,-0.8954559789065641
2646,0.4860594135710006
2647,-2.258604724061495
2648,-1.7493234682002827
2649,-1.2653751255496792
2650,2.99258512859275
2651,1.8784427263428891
2652,1.6335854588165268
2653,1.0952928536135704
2654,0.6516195156609474
2655,0.2439227073450386
2656,-0.7805717618346669
2657,0.978957237744308
2658,-0.0809316467994317
2659,1.1553242341331034
2660,-0.0327626865740883
2661,-1.3530690998550432
2662,0.1108626795695656
2663,-0.8644528289065179
2664,-0.1586254772816832
2665,-0.5484082827731763
2666,0.1592699262539413
2667,-0.0738850037235781
2668,-0.7584166132763811
2669,1.3110806718350425
2670,-0.5134006129060037
2671,-1.560541162040593
2672,-1.8974279591568413
2673,0.6010137561337853
2674,1.1026896984145702
2675,-1.2800699599200087
2676,0.1927917229760871
2677,-0.3281201081916073
2678,-1.523038387961518
2679,-1.0951705420507871
2680,-1.3236795160720418
2681,0.4935879368848961
2682,-0.7082667284345832
2683,0.7160615403773027
2684,0.3105184060740893
2685,-0.4100937100283235
2686,-1.0833592922561337
2687,0.6877282488809618
2688,0.0058343392402548
2689,0.3312377350232301
2690,2.248488310378788
2691,-1.7525037806607435
2692,-0.0217471594162107
2693,1.4211617486508417
2694,1.7048030581670623
2695,-2.215561960560014
2696,-0.6342455054609373
2697,-1.7638194825600784
2698,0.7230576299547117
2699,0.0910925073067207
2700,0.1580834820883021
2701,-0.2210509325300833
2702,-0.2211030071997625
2703,0.8788507128903896
2704,-0.1302863808584324
2705,0.8154332922563621
2706,0.2486019023964596
2707,1.6279927941951648
2708,0.2127016080636328
2709,-1.553632652933317
2710,0.7149091910405099
2711,0.2205894032010899
2712,-0.896237447037156
2713,0.4610323769276369
2714,2.115359018284579
2715,0.2729222081040575
2716,0.1415238405016345
2717,-0.3647480401825457
2718,-0.438982568178008
2719,1.0062283675522896
2720,-0.2708662463900848
2721,0.2962471485489988
2722,-0.570601948948568
2723,-0.8686397400907588
2724,0.5892319735253105
2725,0.3248300777481862
2726,0.7154963909398077
2727,1.417225660259113
2728,-0.8826601437313458
2729,-0.0424423992485081
2730,0.2187822228592479
2731,-0.0617385824285641
2732,0.0152681510019218
2733,-1.109152133919461
2734,0.3968106133321024
2735,1.3011289165371356
2736,-2.719848033780602
2737,0.564586889540039
2738,-1.4538941677185877
2739,-0.0015770977025206
2740,0.8451432825365758
2741,-0.9730542547576924
2742,-2.365811470150148
2743,-1.3158494008417
2744,0.7103125244191152
2745,0.0285398263043777
2746,-0.5949290611901756
2747,-0.5000482384358564
2748,1.0301599299577502
2749,0.0543112483155039
2750,0.2215908411295802
2751,0.9676922611690498
2752,0.1531079569544725
2753,0.505821493299515
2754,-0.7878163903286879
2755,-0.0199890412929851
2756,1.4642321578252997
2757,0.7448618075777689
2758,-0.7670173941915651
2759,-1.3441616393058218
2760,0.8177722415089628
2761,2.109638433113612
2762,0.2179031338485495
2763,0.0389042026573385
2764,-0.632514187338611
2765,1.4033720731861814
2766,-0.3873327211401934
2767,-0.8645720289213347
2768,-1.5196561708433678
2769,0.7363011472003925
2770,-0.1908969469916774
2771,1.004630425397837
2772,-0.0680292297382253
2773,-0.9101375860501943
2774,-0.4810770024180352
2775,1.2099677080235631
2776,0.0825499780214497
2777,-0.6236069619288539
2778,0.4881252730448692
2779,-0.731705916770592
2780,1.1717475168436182
2781,0.286676510787061
2782,0.8682420270731924
2783,0.4641619868709169
2784,-0.9962953182923469
2785,-0.6474520857457376
2786,-0.4601764734519215
2787,-0.4910269046076799
2788,-0.1223046677345908
2789,-3.0125881754990216
2790,0.345939814632102
2791,-0.3264382138583515
2792,0.0712824612724034
2793,-1.0053675703042535
2794,-0.4073011035180351
2795,-0.9637722693436231
2796,1.084001825946225
2797,-0.0898185480757771
2798,-0.3168690582586985
2799,0.2138115326271579
2800,-0.8462626695659401
2801,1.0642823719420882
2802,0.424266635508253
2803,0.3989065768076392
2804,-0.2423913515655966
2805,-0.4026665600524509
2806,-0.3313846818689381
2807,-0.3990406294252034
2808,0.109721210060783
2809,0.2878513029113416
2810,-0.8126632221167434
2811,-0.5212187398152301
2812,1.3083010819052916
2813,-0.0706656484059359
2814,-0.6248867497295851
2815,0.5351721811394282
2816,-0.108356427328597
2817,2.371180401255694
2818,1.153095360886491
2819,-1.321162405252822
2820,-0.572594124989842
2821,1.0803270267081753
2822,0.7265517921960515
2823,-1.0937553728042413
2824,1.895462441683278
2825,0.9235889376921668
2826,-0.8677413719657083
2827,0.0908441647876607
2828,-0.3891958401171308
2829,-0.3547224323299223
2830,0.5713780536831763
2831,-0.696437266225475
2832,2.7423747130499003
2833,0.1064877197247553
2834,-0.5355242214176431
2835,-1.336493968892409
2836,-0.2612241924058149
2837,-0.2890478853778574
2838,0.397845593584055
2839,-0.9034348417293968
2840,-0.8446136676068395
2841,-0.7613518090656748
2842,-0.9331272442855774
2843,-1.5442606772998193
2844,-0.3649856933444405
2845,0.1909957551906654
2846,1.2122828850663436
2847,-0.4773132645543245
2848,-0.5139512562433294
2849,0.2460292554107397
2850,0.6758244176856425
2851,-0.7989383150209894
2852,1.0073702865409744
2853,-0.0871457659457106
2854,0.6384223122346316
2855,-0.4142428056190094
2856,-0.1213841931081667
2857,-1.3793811507431302
2858,-0.026756037961228
2859,-0.8737602142197853
2860,-1.3339092126121292
2861,0.2918726711480187
2862,-0.0683984351522669
2863,-1.12331756849087
2864,-0.0995601585450102
2865,0.5152977606732814
2866,-0.3594419578376279
2867,0.2362303158507463
2868,1.4259493391154665
2869,-1.856768493177041
2870,0.366458781496795
2871,1.569879183309416
2872,-2.122080856701428
2873,0.2999359124672789
2874,0.7799887776068161
2875,-0.4534024847371051
2876,-1.415254426191529
2877,-0.4982494653002293
2878,-0.2956451834473975
2879,-0.1849307500541585
2880,-0.0800494201570863
2881,2.53089010102898
2882,-0.0988818559700876
2883,1.448438584027366
2884,0.835476119086692
2885,-0.5314397628222524
2886,0.8521736161130464
2887,-1.6535016789008694
2888,-1.0285608088587248
2889,1.201051431217109
2890,-2.735375688948886
2891,-1.2571323530823126
2892,0.1568669267452766
2893,0.3019209272203115
2894,0.7623873222665413
2895,0.765645494299287
2896,-0.0903192774553066
2897,0.0425243890503496
2898,0.6325339904552519
2899,-0.205666919483855
2900,0.1750480593629174
2901,0.4227884458774538
2902,0.2973700399742087
2903,-0.6329180937068006
2904,-1.378377111916166
2905,0.2116599545336912
2906,-0.0404008242059604
2907,1.9304188191596836
2908,-1.788720127585843
2909,-0.0034876571563493
2910,-1.839955445385504
2911,-0.5041990411367212
2912,-1.4084738717600562
2913,-1.6441382301160503
2914,0.6529294009629883
2915,0.2385419802179455
2916,0.3975383474933245
2917,0.4823917287277443
2918,0.5584207912490994
2919,1.0184256262489957
2920,-0.5749587288089403
2921,-0.6116447345128543
2922,1.047281890749321
2923,0.6103442269099566
2924,1.3952330229376046
2925,-0.128784955427354
2926,-0.5126853021517099
2927,-0.9422147010722008
2928,1.04467965743281
2929,1.1503779796483795
2930,0.1489381101384476
2931,0.5618308998986955
2932,0.5393190876633349
2933,0.310363784816893
2934,-0.3247359709225394
2935,-2.805516118613129
2936,1.3016042748984078
2937,1.010433746500471
2938,1.1895927837703644
2939,-2.0331936101700623
2940,0.2449912647020537
2941,-0.637892201591027
2942,0.7278991424650154
2943,0.8523676669659354
2944,-0.3267010429547017
2945,-0.4873604333581323
2946,0.5576077040351334
2947,0.2567682253935359
2948,0.0172880876089342
2949,0.808230008559593
2950,0.30622617953529
2951,2.279216344623217
2952,-0.3158734774608198
2953,-1.72875980114915
2954,-0.7685645845102773
2955,0.3939557316998764
2956,2.238641942611213
2957,-0.069197360671262
2958,1.007404069242119
2959,0.9724864795088344
2960,0.5438549946250045
2961,-0.3808077260592091
2962,-0.1302357659422353
2963,-0.3708221190235315
2964,0.4136666650152111
2965,0.9742286163336188
2966,1.7391155833909482
2967,-0.2162622604110862
2968,-1.8989788194927848
2969,-0.4785066780876221
2970,0.8767019569850173
2971,0.3887736792617463
2972,-0.2367278065117062
2973,-1.322322457911958
2974,0.5294088205268411
2975,0.3875865162308901
2976,2.266322867299535
2977,0.1200065893806577
2978,-0.5518432393689278
2979,-1.9152074907082943
2980,0.9129097354292804
2981,-0.3000557342709202
2982,-1.4916009161698591
2983,0.8674462792609693
2984,0.7212708011939731
2985,0.340528064443827
2986,-0.5119353186132823
2987,1.30009143382693
2988,0.5753713536191091
2989,0.1900463794400645
2990,-0.0565753764091787
2991,0.0555105888501912
2992,0.7573800697037545
2993,-0.0306505167466832
2994,2.0672692644237114
2995,1.913071173506183
2996,-0.097052918569839
2997,-1.1373714139866122
2998,-0.4594717777419757
2999,0.6927782438868759
3000,-1.118894483868642
3001,-0.4267636940780575
3002,-0.2391926466288809
3003,0.8970587855735273
3004,-0.7156609091318862
3005,1.14873049048736
3006,0.5488565821950568
3007,-1.4840699177129646
3008,1.234577205906458
3009,-0.3616489601103366
3010,-0.064322163521088
3011,-1.9484323523496347
3012,0.8034952482022857
3013,0.4006032093981062
3014,0.7470236234223886
3015,-0.6259896064799619
3016,0.2343824285709292
3017,-1.720989606799096
3018,-0.3715904766761753
3019,0.2210406943582639
3020,0.2308567772378904
3021,0.764092012724512
3022,0.0576182455772951
3023,-0.8202341444804535
3024,-1.544658822440779
3025,0.2637116449013794
3026,-0.3812866639683309
3027,-1.945169298570174
3028,-0.1317549848804897
3029,-0.6923265310835531
3030,-1.0444205165183442
3031,1.1973641025837554
3032,-0.4599770678801058
3033,-0.2096554269234225
3034,0.4830981767775923
3035,-0.3356008448605678
3036,-0.555006969409233
3037,-1.0869112897009243
3038,0.214688259842182
3039,0.36973019815748
3040,0.390152169214192
3041,-0.3131137392018453
3042,-0.1992667653441707
3043,-0.0939392563033779
3044,1.3218342368771914
3045,-0.4338782871476248
3046,0.3223185511948122
3047,1.2477634610410109
3048,1.093072565591682
3049,-0.1012494559940055
3050,-1.3467393855146903
3051,0.9282012567706056
3052,-1.8613560669207387
3053,0.5531595523007955
3054,-0.5471533625254552
3055,-1.4074219485542798
3056,-0.6887232651088008
3057,-0.7763899718190108
3058,-0.3912781859432092
3059,0.6370357692813163
3060,1.0927619860601578
3061,-0.4438437262988109
3062,1.073484039510614
3063,1.7408504570183263
3064,-1.0089711001808617
3065,3.393764147708642
3066,1.861856106068728
3067,-0.3680537249410409
3068,-0.3806210279200128
3069,0.6537001267281282
3070,2.315954495368414
3071,1.426015927165558
3072,2.1838649684643863
3073,-1.1671983320763346
3074,0.374495149915946
3075,0.1598877685489598
3076,0.95781898868313
3077,1.6265215666680055
3078,0.1913835136599098
3079,0.1243671774602648
3080,-0.2263191127761186
3081,0.1949016900484197
3082,-1.4056133742864856
3083,-1.4884372569566588
3084,-1.78013566505956
3085,0.1534297436703175
3086,2.671528774551498
3087,2.938558399574856
3088,0.2346137946598437
3089,-0.012351023355401
3090,-0.4124084115598311
3091,-0.1884189000732714
3092,-0.5424886753846273
3093,0.8413900713258153
3094,1.4629078263499005
3095,0.3306389102303643
3096,0.8487247685525348
3097,-1.1714942274658882
3098,1.1542481145313823
3099,-0.7660740843531803
3100,-0.797939178233467
3101,-0.1649665065435848
3102,-0.7895243074522061
3103,-0.2849969709269686
3104,1.2836040334834613
3105,0.8039969033348697
3106,0.2778199546815331
3107,0.3517154418304113
3108,0.9338254747021492
3109,1.1270569859929704
3110,-0.6432544930336362
3111,0.3139547068817244
3112,1.5499294077142336
3113,0.0199719214874984
3114,-0.7930263820287473
3115,-1.1790087623730183
3116,-0.8216587988204936
3117,-0.505236398971258
3118,-1.256351686272389
3119,0.239381208339162
3120,-0.8586548985581778
3121,0.0050333881053709
3122,-0.2682104445281142
3123,0.0147341347837422
3124,-0.4033252297166028
3125,0.6852884166725325
3126,-1.0888014766760308
3127,-0.428025957465514
3128,0.8780162952754809
3129,-0.8196443589175411
3130,0.0548983134876223
3131,-0.9913478351353686
3132,0.1344996158222486
3133,0.0528319450794558
3134,-0.1687292391114767
3135,-0.615822456347907
3136,0.1384372800180449
3137,-0.122370408043734
3138,-1.1442810416615623
3139,-0.0639184002237725
3140,-0.7276049787505494
3141,-1.2251699327478802
3142,0.8035953057769218
3143,-1.5220061224413313
3144,0.3965574137416299
3145,-1.7106661111583328
3146,-0.0673108607101008
3147,-0.4743444935968686
3148,-0.7697702778652817
3149,-0.6528719110155651
3150,-1.6113170562989074
3151,-0.55739399496866
3152,0.149976212352485
3153,0.5652070741217095
3154,-0.6608814022652717
3155,-1.1621153893579863
3156,0.3961829994868366
3157,-0.6170176872747379
3158,1.2037053209800082
3159,0.6408471865984889
3160,-1.6133194406595528
3161,-0.4534130533332762
3162,0.130933442306274
3163,1.4085352877911523
3164,-0.6641848697660209
3165,0.7432187242934338
3166,-0.9239825128151552
3167,-0.3368755413167659
3168,1.1830647995816437
3169,-0.2101407155685659
3170,-0.633148512327082
3171,1.5137714826899082
3172,0.6979177084520681
3173,0.851950360653096
3174,0.5866725266008717
3175,-0.8443759945961808
3176,-0.202552821834222
3177,0.892168851451226
3178,0.1515221291621383
3179,-0.1330333521211033
3180,0.9475280777715926
3181,-0.8281937994084525
3182,-0.1137240131828036
3183,0.5469499607451661
3184,2.634672068658654
3185,0.3048520817069382
3186,-1.915524258598535
3187,-0.0931720555458023
3188,-0.4627304405603561
3189,-1.4952094054125131
3190,0.3395038434883217
3191,0.575473103600273
3192,-0.7830396504695085
3193,0.4816662026236558
3194,0.6542044535995898
3195,-0.3944556497182782
3196,0.338940039293557
3197,0.0289047237138927
3198,2.284717401358514
3199,1.2937267440746374
3200,-0.5415001402904454
3201,-0.2705492912008672
3202,-1.2521618205251843
3203,0.047613944948581
3204,0.5636522242471962
3205,0.8818071861074444
3206,-1.3531255383870602
3207,-0.7986488865431973
3208,1.4724940091042409
3209,0.3657998263638343
3210,0.4110073913172386
3211,1.8267397540373893
3212,-1.0546896755313906
3213,1.3684060689935715
3214,-1.006992129823938
3215,1.0820647499622806
3216,-1.2015454453511765
3217,0.087020632165632
3218,2.322508132009516
3219,-1.223633190999014
3220,-1.2425586467136187
3221,0.1875691537730083
3222,1.2593127576995649
3223,1.4239429330376017
3224,-0.8620349176349302
3225,-1.2244655168463274
3226,-1.0847917386678594
3227,1.0309875341495007
3228,0.7508244552121829
3229,0.9883796100148748
3230,0.1839491285977098
3231,-1.5616628861090198
3232,-1.145184253622467
3233,0.4486643865693626
3234,0.7725042566934112
3235,-0.6461792285157661
3236,0.7277861824553747
3237,-0.1759740836679308
3238,-0.3913814383920602
3239,-0.1514112524253122
3240,-0.4780664898465176
3241,-1.5091574228863258
3242,0.9151535077826816
3243,-1.1031123562218212
3244,-0.5521953905956397
3245,0.5697102687139699
3246,-0.3531040227643706
3247,0.3001378795878375
3248,-0.7004342453759007
3249,0.3836082583436224
3250,0.4723400145216427
3251,-1.4367930538107274
3252,1.22668983631902
3253,0.5585973870567652
3254,0.2740240876794492
3255,-1.0368117901655036
3256,-1.80540872374738
3257,-0.2495774497868813
3258,1.512105070262022
3259,0.0816656277604317
3260,1.2446479013795306
3261,0.4315388704724779
3262,0.5570126216660484
3263,1.0366046754436833
3264,-1.0482462583271668
3265,-1.186748634815565
3266,1.773708409951205
3267,-0.8258126421627647
3268,-0.0599997455060368
3269,0.9626785381896836
3270,0.848324694061618
3271,0.0544976672129357
3272,-1.3580522817146157
3273,-0.4145625538707321
3274,0.0529692999423908
3275,-1.6172144269692397
3276,-1.07441967018437
3277,-0.4442544523507194
3278,1.5464727557660567
3279,-2.603046694002933
3280,-0.0496894430785594
3281,-0.5015582797701185
3282,-0.9088883403260246
3283,-1.4363137460336053
3284,-0.035366178578134
3285,-0.3215049074521393
3286,0.0687048223848119
3287,-0.3534669014511667
3288,0.6741750276927493
3289,0.5820284608940332
3290,1.0566892169478517
3291,1.1288517941863765
3292,0.2079444271965479
3293,-1.04197379756993
3294,-0.0242978689805688
3295,-1.3780167996140575
3296,1.1782961015104465
3297,-0.2396446764216654
3298,-1.3212888452799283
3299,1.435467736497663
3300,-1.5635728552518815
3301,-0.4309523847774828
3302,-1.961202829364311
3303,-0.0442921260971419
3304,0.2086564407925033
3305,0.8785124343781445
3306,-0.7779294868360425
3307,0.0249318397281369
3308,-0.5554788480114878
3309,-0.1622850364285978
3310,-1.853851914831824
3311,-1.985758851281382
3312,-0.2963178192382813
3313,0.411242315745596
3314,-0.4162260529484342
3315,2.029333312436991
3316,-0.1010353424321563
3317,-1.4639985833253062
3318,1.016422808797984
3319,-0.5682849757964613
3320,0.062865573906778
3321,0.6691389551748084
3322,1.5979825954152926
3323,-0.4800458986138072
3324,0.2475990837332798
3325,-2.4028491212511924
3326,0.1489251117790329
3327,-1.358835173835856
3328,-1.6521445516559006
3329,-1.8090375242873111
3330,1.2519655562361849
3331,0.5068178783645741
3332,0.7742961967514358
3333,1.952701089090142
3334,2.1895093730298094
3335,1.332249321658304
3336,1.1884306785276
3337,-0.5312571467495149
3338,0.1296178871818622
3339,-2.268525226514771
3340,1.0564437262441626
3341,-1.9249678620772868
3342,0.6797969173548416
3343,0.0618757129311101
3344,0.1053552466876704
3345,0.8227676176747977
3346,-0.3220595941623938
3347,-0.4085860548290729
3348,0.2877372307397742
3349,0.4820622282860508
3350,0.7125598453208485
3351,-0.4946429170519252
3352,0.8173196070825398
3353,0.014386315433297
3354,0.1572297054480328
3355,0.5784096296917784
3356,0.8200689095410613
3357,-0.9303486649295368
3358,1.2796125883990326
3359,-0.2641097332264702
3360,-1.061621830923698
3361,0.3034374014935677
3362,-1.1642685630336085
3363,0.849748482021103
3364,0.3339703382988243
3365,0.8100246218867183
3366,-1.322550440362061
3367,-0.5380977478744722
3368,-1.9738160198482488
3369,-2.23894258609139
3370,0.5359931491286161
3371,-0.3730598556449176
3372,-1.0779910525474503
3373,-2.137320580283531
3374,1.4636817059578688
3375,0.8719196549796505
3376,0.3863017471333445
3377,-1.2030535949938348
3378,1.239514894683348
3379,0.939995600737946
3380,-0.908453976747238
3381,0.6408735160120614
3382,-1.798058703391364
3383,1.281301136887904
3384,-0.4354015848395928
3385,-0.8914765335678623
3386,0.8926160598299813
3387,-0.9808492813092676
3388,0.9392487623789828
3389,1.612068184699936
3390,-0.6233203220893809
3391,1.1126433529485775
3392,0.4581399168909359
3393,-0.1051536769214458
3394,1.2050404939727375
3395,0.6930149010898783
3396,0.1104195477698011
3397,-0.122444650656918
3398,-0.1282185600340893
3399,1.2913585977364928
3400,-1.065740250322009
3401,0.6955071381763165
3402,0.1361008795222183
3403,-0.726044041151222
3404,0.7731755568727239
3405,1.396949661716086
3406,0.1517938296785083
3407,1.1733561100882712
3408,2.2440519563072017
3409,-0.2732523902159901
3410,2.8005549445334608
3411,0.0179120657420875
3412,0.3392553474712915
3413,0.5517955424304792
3414,1.0025374431636405
3415,-0.2909364348720974
3416,2.542086121214568
3417,1.4630157577250502
3418,0.6207196528047781
3419,-1.0545800525803812
3420,1.7330681135620805
3421,-0.1194810254394771
3422,-0.4737629081751446
3423,-0.687525437157163
3424,1.78076528495153
3425,0.7448355736126945
3426,1.006331064086923
3427,0.0687009334202748
3428,0.6600403100291808
3429,-0.380772867742418
3430,-0.7643362204127863
3431,0.1795415317845685
3432,0.4372572005975904
3433,-1.450534343504455
3434,-0.3593772808010679
3435,0.0979557890206777
3436,-0.688754630032623
3437,-0.8490418585307552
3438,1.4889546136102338
3439,0.4761370375630825
3440,2.0112317350687525
3441,-1.0508815360381425
3442,-0.4300522288287036
3443,-0.9718534934005012
3444,0.0778537985497127
3445,0.7880840106992246
3446,0.1983217338984842
3447,-1.7984724130239376
3448,2.8152039488235534
3449,1.0535194611828724
3450,1.006926214628595
3451,-0.0681827801359463
3452,0.0869365542207798
3453,0.0467644610771595
3454,2.5278326051407305
3455,1.0506256060724444
3456,-1.3525214297113997
3457,-0.1744213750069257
3458,0.5989635727954996
3459,-0.0073760434040938
3460,-1.5256793316075998
3461,1.014847328565816
3462,-1.8069560419073016
3463,-0.0531735972114646
3464,-0.891844800587157
3465,-0.685276870253943
3466,-2.416931710011314
3467,-2.197336954435596
3468,1.0320163927936157
3469,-0.2435360157522365
3470,1.261522407452221
3471,0.2599695793048036
3472,1.250499188775977
3473,-2.6114192741196507
3474,-0.0410032070370059
3475,-0.0212016771857577
3476,0.92745208156439
3477,-1.151168782612435
3478,1.484729015988271
3479,-0.2316725209772613
3480,-1.2801377509361993
3481,-0.5276707121159312
3482,-1.2034077156126417
3483,1.6894367652549591
3484,-1.0070077539272768
3485,0.5060135146075572
3486,-1.0031703927865725
3487,-0.2100345625681389
3488,0.5711310790742512
3489,0.2165092416495567
3490,-1.1772027077005536
3491,1.6123078915989035
3492,0.5746254027609285
3493,-0.979518185582978
3494,-0.1586887119800034
3495,-1.2091938925098489
3496,-0.9889134634065782
3497,-0.9603694379316402
3498,0.967032838298694
3499,-2.2309243028938446
3500,0.4500605750304008
3501,0.0553218285824944
3502,0.0149790682196956
3503,-0.0786760620214361
3504,-0.0721534790152824
3505,-0.2816591033466266
3506,0.0488877003279992
3507,-0.6196397412704439
3508,0.6113671132702091
3509,-2.0508983217392487
3510,1.2700258176551595
3511,1.3806634481359783
3512,0.4082725578634222
3513,-0.4111162003791974
3514,-0.7400589657136342
3515,-0.7813400092480871
3516,-0.0239488982069027
3517,1.385771752378263
3518,-2.4860831600669773
3519,-0.6801622606807038
3520,0.193922917284552
3521,0.7561149074919645
3522,-0.5132186409418129
3523,-0.592515662846926
3524,-2.2816556999056714
3525,0.3490126961910716
3526,2.006496063482605
3527,-1.2576149597014237
3528,-1.583638498218782
3529,1.169304465635934
3530,0.2745950878053595
3531,1.293606478517
3532,0.9207180583919752
3533,-0.4111774643131896
3534,-0.6607515716046175
3535,-0.8769704064855315
3536,2.469212492894385
3537,-0.2576844678472368
3538,-0.9056476777721642
3539,-0.5164917870160256
3540,-0.5953000251140205
3541,-0.6797847375921546
3542,0.0293376836016966
3543,-0.0849630306334182
3544,-0.1647378125570263
3545,1.9867477708356165
3546,0.1537583675854879
3547,1.705030193393782
3548,1.0992354818830845
3549,1.5326775627035825
3550,0.7431076698010904
3551,0.2354848325226106
3552,2.343760575644959
3553,1.0660587549401737
3554,0.466174229637292
3555,-0.410728437355393
3556,1.8961836400373
3557,0.9949294469675406
3558,0.0634001398909549
3559,-0.9531392171509644
3560,0.4412445865401893
3561,0.2259510540751703
3562,-0.1493147847914638
3563,0.0043050099317606
3564,0.5681649134610138
3565,0.7270760554742653
3566,0.8370943619149882
3567,-0.4147302832638234
3568,1.170628628059808
3569,1.704167625069787
3570,1.2970736154443685
3571,-0.457288162120767
3572,-0.3767179048040963
3573,0.2930715880844979
3574,-0.0097107525765745
3575,0.2276556207979278
3576,0.2074603735125481
3577,-0.6126333096884548
3578,-1.2424531842620985
3579,-2.149173376477073
3580,1.442955093589785
3581,-0.1329215737941675
3582,0.3525174500338772
3583,0.8009459691100893
3584,0.4306611104684854
3585,0.7185075568205572
3586,0.0364922637165418
3587,-0.250505093935466
3588,-1.930139680905768
3589,0.3491038268889121
3590,0.2036818672485216
3591,-2.09301783446024
3592,1.785840059543946
3593,-0.0896078523299345
3594,0.6318661134278973
3595,0.0286122782918936
3596,0.2036990981889487
3597,0.3405438916324116
3598,-0.7112490188348528
3599,-0.724599497411376
3600,-0.5963544341529188
3601,-0.1580400632139272
3602,1.4601580843263575
3603,0.6388947947233822
3604,0.6127840664419503
3605,0.7138248825888327
3606,-0.1952651647234046
3607,1.3315892213272351
3608,0.0834580588317398
3609,-1.2503623588633868
3610,1.1458670919089342
3611,-0.4500939793650846
3612,1.370290527784595
3613,2.102455944321082
3614,0.0980138906251743
3615,-0.2435941185049782
3616,-1.3733707215302786
3617,0.1962947876413313
3618,0.515010867247188
3619,0.4933689244466009
3620,-1.0952260577392974
3621,-1.1971142445476344
3622,-1.8114079817099071
3623,-0.8924486642675173
3624,-0.8341002853348051
3625,0.127503027946207
3626,-1.13533239322636
3627,1.1502394425352676
3628,0.5127142752230918
3629,-0.7791895014152044
3630,-1.6612815774198249
3631,-1.142503510931394
3632,-1.330135340289192
3633,0.1983075743543032
3634,1.5578768782420225
3635,1.6645886040178093
3636,0.4617057518942358
3637,0.7485931276458908
3638,-0.0499596145974877
3639,-0.5418129215992086
3640,0.8105905057780598
3641,1.747346714803528
3642,-0.1605945284586913
3643,-0.515128074569253
3644,-0.3472576113291813
3645,-0.0305475726171531
3646,0.5063083808140085
3647,1.704855932915437
3648,1.479989909255193
3649,-1.5740624375683985
3650,-0.5132251732787584
3651,-0.0926185635441806
3652,0.1910410290396542
3653,-0.0888941273384293
3654,0.3826855490398615
3655,1.0753310992611296
3656,0.0544514519896057
3657,-0.0526693471306519
3658,2.380756803444298
3659,0.3763648323295309
3660,0.3734631695632615
3661,-0.8502156305169983
3662,-0.7878153493731965
3663,1.1515362334541572
3664,-0.6556166926218011
3665,-0.7957673135776158
3666,-0.4991263901175465
3667,-0.3142056348395552
3668,0.6988045808657817
3669,-0.3208750260679532
3670,1.0376326018520152
3671,0.6437950376405838
3672,1.158611667058692
3673,0.4844990347079252
3674,1.080307369630808
3675,-0.6752613808907814
3676,0.1506965123677704
3677,0.3002765463347247
3678,-0.7155177498095543
3679,0.7855896085546391
3680,0.5362058882474015
3681,0.0612502747181758
3682,0.101987387781308
3683,0.1463231141533593
3684,-0.0921926617487646
3685,-0.7514121893269046
3686,1.715505584918886
3687,-0.5811021183144187
3688,0.7380743002700114
3689,-0.0456710906199964
3690,-0.6106701637284155
3691,0.0402319480505606
3692,0.5073189379281852
3693,-1.203732453110058
3694,-0.3085194449539539
3695,-0.4044964322056768
3696,-0.3058924634425844
3697,-0.24160534664666
3698,1.7728134525668602
3699,-0.3967433093730489
3700,-1.1453471397942852
3701,2.5038163153553814
3702,1.0225696253608303
3703,1.2994858230910709
3704,1.1373660834570058
3705,-0.6355506124076675
3706,-0.3736766836698943
3707,2.072134905566809
3708,0.5368331622698989
3709,1.7838090533027682
3710,-0.5837469122306661
3711,-1.3986461003230066
3712,-0.861470315700177
3713,-0.087891038378451
3714,-0.6079031051084612
3715,0.5329193287441701
3716,0.7241130619370689
3717,0.4560785960750031
3718,-0.2172036027740909
3719,-1.0100167569596596
3720,0.1955866072488525
3721,0.9640464649671012
3722,0.8763488029441254
3723,0.0473297259860478
3724,-1.0356255471064602
3725,0.8665310459806786
3726,0.9213694316459092
3727,1.5330441107273622
3728,-0.4524516047352564
3729,0.0217388598948812
3730,-1.804622980433756
3731,-0.0692801583588544
3732,1.1297478600337194
3733,-0.487156752326536
3734,-0.3998155791168543
3735,0.7772108643074956
3736,-0.7443460053033265
3737,0.9323185144904758
3738,-0.3563595717589943
3739,-0.1704833250506671
3740,-0.3302870690178723
3741,-0.1188969774885636
3742,1.6999181003481112
3743,-1.0761313873616185
3744,1.1523772015561045
3745,0.6163209226376587
3746,-0.0861704700903702
3747,-0.1638926023092989
3748,0.4092788071936749
3749,0.6117009421878583
3750,1.4823122952040764
3751,-0.2347460748333464
3752,-0.6234348067624176
3753,-0.4967111411931406
3754,0.9238117820461742
3755,0.481490172763398
3756,0.7038843427425107
3757,-0.463092552394549
3758,-1.6146911279725713
3759,0.4213452004189466
3760,-0.8616967601440886
3761,0.4159474247977067
3762,0.536020233073057
3763,0.0807698237308135
3764,0.3262345373964601
3765,-1.514049879697076
3766,0.0357711798916255
3767,-1.5176211773143804
3768,-0.6841642620003695
3769,0.3195687048088396
3770,0.1085688004544358
3771,0.6742086562493709
3772,-1.016658828806269
3773,-0.5871681416060313
3774,-0.8537006750618505
3775,-1.905510088464838
3776,0.416821719819275
3777,-3.106592636096726
3778,-1.834880579625205
3779,0.1745710510070866
3780,-0.0060489393658076
3781,-2.005239791445661
3782,1.310275841039863
3783,0.3579603269203972
3784,1.2638005306354054
3785,0.6768826830327586
3786,-0.6185946977452873
3787,0.0375252958731291
3788,-0.8088517998232811
3789,0.9448449737293452
3790,0.56907701972562
3791,-1.7958127517464948
3792,1.6571841431637089
3793,0.2659816033663519
3794,1.124782162058023
3795,2.150068557484903
3796,0.6476559579622875
3797,-1.0463402020801975
3798,-0.0660522501304966
3799,1.1547363518200842
3800,-0.5200877449192485
3801,1.4225047864940112
3802,0.7105994608214273
3803,-0.5591239590048946
3804,0.8493125536881527
3805,0.3317114812374082
3806,1.8963142679197431
3807,1.2073549854791144
3808,-0.7043842399508692
3809,0.0358355088271695
3810,1.9662052855914556
3811,-0.2110739034447493
3812,-1.407652179237954
3813,0.8918255823099606
3814,-2.276465141244885
3815,0.6601920095616146
3816,1.953064757900772
3817,-0.2088329877012206
3818,-1.3224402931943926
3819,-0.5005274392203252
3820,-1.083317288100097
3821,0.9015504138466368
3822,-0.5170908415699481
3823,-0.2625471692823626
3824,0.3800662440001497
3825,1.221054016612109
3826,-0.3394797711554365
3827,0.1634940680825647
3828,-0.0775297948829928
3829,-1.361727410973794
3830,-0.9851381036710788
3831,-1.5976501434509778
3832,-3.020462590461153
3833,-1.5760785803502653
3834,-0.0552510206438982
3835,-0.54501376195321
3836,0.3879798578190424
3837,-0.3857277628538786
3838,0.3708101442361326
3839,0.6449045187829157
3840,1.4024121780874863
3841,-0.5493968530902836
3842,-0.745088904973985
3843,0.0986152359626244
3844,0.2919933264781223
3845,0.4963590884168213
3846,0.9189855658298453
3847,-0.5035956967299194
3848,0.5672809070801288
3849,-0.7679092058331145
3850,-0.1321922878807352
3851,-1.7701226790804694
3852,-1.1358146691642084
3853,0.0129165047540629
3854,-0.5052028839185619
3855,-1.2663925606150168
3856,0.7702636615069779
3857,-1.5249371941131993
3858,-0.2585396046285917
3859,-0.314481393727227
3860,0.9846644050270088
3861,0.099257714631451
3862,-0.4738880462303887
3863,-1.4308398710886203
3864,-0.5487478399854631
3865,1.0532222254865056
3866,1.1284453912721213
3867,0.5072508850339389
3868,1.5340979525255858
3869,0.7595914350655414
3870,-0.9330861645810158
3871,-0.5675527717709835
3872,-0.2041275889489397
3873,0.1501148800242316
3874,-1.0807883285613598
3875,-1.3815792272961431
3876,1.0359218277203568
3877,1.1096901051757428
3878,-0.8537288238553395
3879,0.1578568261486227
3880,0.2027065230612117
3881,-1.0980531784109795
3882,0.2867106281318634
3883,-0.1638522947427199
3884,-1.7241882432968738
3885,1.9450388112741053
3886,0.4401303119565766
3887,-0.096731071860017
3888,-1.2417762585273395
3889,0.7179881388932989
3890,-0.7080219954021445
3891,-1.7010224301151058
3892,-0.1048194550496253
3893,-1.021383339102136
3894,0.0772543990801974
3895,0.4080513179575608
3896,-1.0256251006387835
3897,0.0303219213312603
3898,1.269915280260113
3899,0.594692330106359
3900,-0.855177533952513
3901,0.2843176833141854
3902,-0.483336366226743
3903,-1.8561116273410931
3904,-1.3910441380706722
3905,2.132087805555573
3906,-1.00546382909586
3907,0.8609276615110213
3908,-0.3154138918877773
3909,1.010181437351401
3910,1.7414339970425332
3911,0.4427871390541882
3912,-1.193114180193573
3913,0.8853264371908403
3914,-0.5435179854527544
3915,-1.528124698848134
3916,-0.1719112639219404
3917,0.9336931658196636
3918,0.6965718333384892
3919,-0.4681824533407231
3920,0.521667742976565
3921,-0.1668442802903551
3922,0.5366375222768085
3923,1.9633047712629224
3924,0.5912173510140926
3925,0.3171891204528553
3926,0.2990873668671273
3927,-0.4530395848651641
3928,-0.2193971864750055
3929,2.013553384335818
3930,-0.3135401722228832
3931,-0.9465441881040428
3932,-0.6079357021624474
3933,0.7424859363900914
3934,-2.0259711091333377
3935,-1.4743453522469905
3936,-0.7232105102244665
3937,-1.2915523908693602
3938,-1.1076581759424993
3939,-0.93962626961244
3940,-1.668386381402135
3941,-0.4613033290757792
3942,-0.3978215415439367
3943,1.1170267825234437
3944,0.8337593729309436
3945,0.4793394613807688
3946,1.2925895881059928
3947,0.4202740104916222
3948,0.3959452594910311
3949,-0.5845019511626465
3950,-0.1095533881278217
3951,1.0069452492188569
3952,1.332250145354226
3953,0.8379551915662564
3954,0.0614587302024995
3955,-0.2654869952236372
3956,1.3966934671344309
3957,-0.7958547639560596
3958,0.7015837690088549
3959,0.9389092863885076
3960,-0.5338941339662103
3961,2.3855737791752505
3962,0.3255246094950177
3963,-0.4169444481486263
3964,0.3466127158062416
3965,-1.9742964323176897
3966,0.4972314610912108
3967,-0.1907011218994603
3968,0.2786670088070141
3969,-0.5073370874411423
3970,0.5158436618574876
3971,1.820190406849024
3972,-0.3368773038679962
3973,1.187564819465929
3974,0.4768543001488765
3975,1.6808633744325223
3976,-1.0523185214308872
3977,0.0269123649806609
3978,-1.7832342692172365
3979,-0.330909391390338
3980,-0.3272741266078692
3981,1.410116140239655
3982,-0.5130377609894533
3983,0.8362299529418025
3984,-1.1987829882115624
3985,-0.5629650277308735
3986,-0.8261645569265449
3987,0.9142717058782244
3988,1.6731737067663923
3989,-1.775244458911612
3990,-0.3276991938299914
3991,0.6930352053032828
3992,0.0592835043271654
3993,-0.1183301209489533
3994,-1.965843061291536
3995,-1.1656259608024504
3996,0.3655170509119249
3997,0.9405951225125844
3998,-0.8859275297642377
3999,-0.0809043397363965
4000,0.1371655093510618
4001,0.0121449599043762
4002,1.1264064038587271
4003,0.3402439897582451
4004,-2.8647749276405543
4005,0.4315377185265525
4006,-0.793518592662975
4007,-0.9182253992251326
4008,-0.7970941081666905
4009,0.7426087446542254
4010,0.7022333980278973
4011,0.8882188586852409
4012,1.2502881692437562
4013,0.8020829412209836
4014,0.2603720119088168
4015,-1.4147543061726535
4016,0.1509373041635012
4017,1.460262046428435
4018,1.5321790538185085
4019,0.0087020032650485
4020,0.8568636647629934
4021,0.7732468123169705
4022,0.9188298287101332
4023,-0.0355861066315175
4024,0.7057561642908785
4025,-0.2490366023621483
4026,-1.709021031783491
4027,0.3325846888450083
4028,-1.2713376703823107
4029,0.9404515425213678
4030,0.7788786438748577
4031,-0.6063602150943569
4032,-1.1221734108896964
4033,-0.9142149514424024
4034,0.4612296559532903
4035,-0.4512706289576659
4036,-2.0088424636976536
4037,0.3862056094726546
4038,-0.3615586907359696
4039,-0.4099210162174384
4040,0.2501864299972475
4041,0.3380383664854351
4042,-0.5837112055373452
4043,0.5789746891487513
4044,-1.0252046110768371
4045,0.2637499209796045
4046,-0.8196573587238211
4047,0.9412245924811596
4048,1.0868221765094648
4049,-0.6514912532630182
4050,0.945981695729146
4051,-0.4164222158491087
4052,0.0899413941915199
4053,-0.1564911153882115
4054,-1.843753711000793
4055,1.3584191711093765
4056,-0.9150775847772584
4057,0.1407155351389162
4058,-1.2993200903107205
4059,-1.4572646775707343
4060,0.5049455504926236
4061,-0.3422956564684675
4062,1.996655602775905
4063,-1.1504342988024778
4064,-0.8646811767679804
4065,0.3064419615397437
4066,0.63900257900632
4067,-0.5994929665378069
4068,-0.7722634574150274
4069,0.6144613475828243
4070,-0.1485557191337333
4071,0.324309813243337
4072,-0.7009385314355286
4073,2.118807846499021
4074,-1.4721274088520069
4075,0.4108011014444436
4076,1.2102707373907426
4077,1.8112799167453653
4078,1.1790717239080457
4079,1.189460662723288
4080,-0.2496834433968778
4081,-0.0515764921153714
4082,0.2129748800791957
4083,0.3220390193151566
4084,0.0823649285559121
4085,0.7692544191593073
4086,0.9068984736682012
4087,0.8027234237841044
4088,-0.4048461232878487
4089,0.1633512067574246
4090,0.4889896704558895
4091,0.3930223463916644
4092,0.5548851523898549
4093,0.3893997217469704
4094,0.9924888547692
4095,0.9716546127380437
